﻿<?xml version="1.0" encoding="utf-8"?>
<abapGit version="v1.0.0" serializer="LCL_OBJECT_TABL" serializer_version="v1.0.0">
 <asx:abap xmlns:asx="http://www.sap.com/abapxml" version="1.0">
  <asx:values>
   <DD02V>
    <TABNAME>ZBOOK_C23</TABNAME>
    <DDLANGUAGE>E</DDLANGUAGE>
    <TABCLASS>TRANSP</TABCLASS>
    <CLIDEP>X</CLIDEP>
    <DDTEXT>Single Flight Booking</DDTEXT>
    <MASTERLANG>D</MASTERLANG>
    <MAINFLAG>X</MAINFLAG>
    <CONTFLAG>A</CONTFLAG>
    <EXCLASS>3</EXCLASS>
   </DD02V>
   <DD09L>
    <TABNAME>ZBOOK_C23</TABNAME>
    <AS4LOCAL>A</AS4LOCAL>
    <TABKAT>4</TABKAT>
    <TABART>APPL1</TABART>
    <BUFALLOW>N</BUFALLOW>
   </DD09L>
   <DD03P_TABLE>
    <DD03P>
     <FIELDNAME>MANDT</FIELDNAME>
     <KEYFLAG>X</KEYFLAG>
     <ROLLNAME>S_MANDT</ROLLNAME>
     <CHECKTABLE>T000</CHECKTABLE>
     <ADMINFIELD>0</ADMINFIELD>
     <NOTNULL>X</NOTNULL>
     <SHLPORIGIN>P</SHLPORIGIN>
     <COMPTYPE>E</COMPTYPE>
    </DD03P>
    <DD03P>
     <FIELDNAME>CARRID</FIELDNAME>
     <KEYFLAG>X</KEYFLAG>
     <ROLLNAME>S_CARR_ID</ROLLNAME>
     <CHECKTABLE>SCARR</CHECKTABLE>
     <ADMINFIELD>0</ADMINFIELD>
     <NOTNULL>X</NOTNULL>
     <SHLPORIGIN>P</SHLPORIGIN>
     <SHLPNAME>S_CARRIER_ID</SHLPNAME>
     <SHLPFIELD>CARRID</SHLPFIELD>
     <COMPTYPE>E</COMPTYPE>
    </DD03P>
    <DD03P>
     <FIELDNAME>CONNID</FIELDNAME>
     <KEYFLAG>X</KEYFLAG>
     <ROLLNAME>S_CONN_ID</ROLLNAME>
     <CHECKTABLE>SPFLI</CHECKTABLE>
     <ADMINFIELD>0</ADMINFIELD>
     <NOTNULL>X</NOTNULL>
     <SHLPORIGIN>P</SHLPORIGIN>
     <COMPTYPE>E</COMPTYPE>
    </DD03P>
    <DD03P>
     <FIELDNAME>FLDATE</FIELDNAME>
     <KEYFLAG>X</KEYFLAG>
     <ROLLNAME>S_DATE</ROLLNAME>
     <CHECKTABLE>SFLIGHT</CHECKTABLE>
     <ADMINFIELD>0</ADMINFIELD>
     <NOTNULL>X</NOTNULL>
     <SHLPORIGIN>P</SHLPORIGIN>
     <COMPTYPE>E</COMPTYPE>
    </DD03P>
    <DD03P>
     <FIELDNAME>BOOKID</FIELDNAME>
     <KEYFLAG>X</KEYFLAG>
     <ROLLNAME>S_BOOK_ID</ROLLNAME>
     <ADMINFIELD>0</ADMINFIELD>
     <NOTNULL>X</NOTNULL>
     <SHLPORIGIN>X</SHLPORIGIN>
     <COMPTYPE>E</COMPTYPE>
    </DD03P>
    <DD03P>
     <FIELDNAME>CUSTOMID</FIELDNAME>
     <ROLLNAME>S_CUSTOMER</ROLLNAME>
     <CHECKTABLE>SCUSTOM</CHECKTABLE>
     <ADMINFIELD>0</ADMINFIELD>
     <NOTNULL>X</NOTNULL>
     <SHLPORIGIN>P</SHLPORIGIN>
     <COMPTYPE>E</COMPTYPE>
    </DD03P>
    <DD03P>
     <FIELDNAME>CUSTTYPE</FIELDNAME>
     <ROLLNAME>S_CUSTTYPE</ROLLNAME>
     <ADMINFIELD>0</ADMINFIELD>
     <NOTNULL>X</NOTNULL>
     <VALEXI>X</VALEXI>
     <SHLPORIGIN>F</SHLPORIGIN>
     <COMPTYPE>E</COMPTYPE>
    </DD03P>
    <DD03P>
     <FIELDNAME>SMOKER</FIELDNAME>
     <ROLLNAME>S_SMOKER</ROLLNAME>
     <ADMINFIELD>0</ADMINFIELD>
     <NOTNULL>X</NOTNULL>
     <VALEXI>X</VALEXI>
     <SHLPORIGIN>F</SHLPORIGIN>
     <COMPTYPE>E</COMPTYPE>
    </DD03P>
    <DD03P>
     <FIELDNAME>LUGGWEIGHT</FIELDNAME>
     <ROLLNAME>S_LUGWEIGH</ROLLNAME>
     <ADMINFIELD>0</ADMINFIELD>
     <REFTABLE>ZBOOK_C23</REFTABLE>
     <REFFIELD>WUNIT</REFFIELD>
     <NOTNULL>X</NOTNULL>
     <COMPTYPE>E</COMPTYPE>
    </DD03P>
    <DD03P>
     <FIELDNAME>WUNIT</FIELDNAME>
     <ROLLNAME>S_WEIUNIT</ROLLNAME>
     <CHECKTABLE>T006</CHECKTABLE>
     <ADMINFIELD>0</ADMINFIELD>
     <NOTNULL>X</NOTNULL>
     <SHLPORIGIN>P</SHLPORIGIN>
     <COMPTYPE>E</COMPTYPE>
    </DD03P>
    <DD03P>
     <FIELDNAME>INVOICE</FIELDNAME>
     <ROLLNAME>S_INVFLAG</ROLLNAME>
     <ADMINFIELD>0</ADMINFIELD>
     <NOTNULL>X</NOTNULL>
     <VALEXI>X</VALEXI>
     <SHLPORIGIN>F</SHLPORIGIN>
     <COMPTYPE>E</COMPTYPE>
    </DD03P>
    <DD03P>
     <FIELDNAME>CLASS</FIELDNAME>
     <ROLLNAME>S_CLASS</ROLLNAME>
     <ADMINFIELD>0</ADMINFIELD>
     <NOTNULL>X</NOTNULL>
     <VALEXI>X</VALEXI>
     <SHLPORIGIN>F</SHLPORIGIN>
     <COMPTYPE>E</COMPTYPE>
    </DD03P>
    <DD03P>
     <FIELDNAME>FORCURAM</FIELDNAME>
     <ROLLNAME>S_F_CUR_PR</ROLLNAME>
     <ADMINFIELD>0</ADMINFIELD>
     <REFTABLE>ZBOOK_C23</REFTABLE>
     <REFFIELD>FORCURKEY</REFFIELD>
     <NOTNULL>X</NOTNULL>
     <COMPTYPE>E</COMPTYPE>
    </DD03P>
    <DD03P>
     <FIELDNAME>FORCURKEY</FIELDNAME>
     <ROLLNAME>S_CURR</ROLLNAME>
     <CHECKTABLE>SCURX</CHECKTABLE>
     <ADMINFIELD>0</ADMINFIELD>
     <NOTNULL>X</NOTNULL>
     <SHLPORIGIN>P</SHLPORIGIN>
     <COMPTYPE>E</COMPTYPE>
    </DD03P>
    <DD03P>
     <FIELDNAME>LOCCURAM</FIELDNAME>
     <ROLLNAME>S_L_CUR_PR</ROLLNAME>
     <ADMINFIELD>0</ADMINFIELD>
     <REFTABLE>ZBOOK_C23</REFTABLE>
     <REFFIELD>LOCCURKEY</REFFIELD>
     <NOTNULL>X</NOTNULL>
     <COMPTYPE>E</COMPTYPE>
    </DD03P>
    <DD03P>
     <FIELDNAME>LOCCURKEY</FIELDNAME>
     <ROLLNAME>S_CURRCODE</ROLLNAME>
     <CHECKTABLE>SCURX</CHECKTABLE>
     <ADMINFIELD>0</ADMINFIELD>
     <NOTNULL>X</NOTNULL>
     <SHLPORIGIN>P</SHLPORIGIN>
     <COMPTYPE>E</COMPTYPE>
    </DD03P>
    <DD03P>
     <FIELDNAME>ORDER_DATE</FIELDNAME>
     <ROLLNAME>S_BDATE</ROLLNAME>
     <ADMINFIELD>0</ADMINFIELD>
     <NOTNULL>X</NOTNULL>
     <SHLPORIGIN>T</SHLPORIGIN>
     <COMPTYPE>E</COMPTYPE>
    </DD03P>
    <DD03P>
     <FIELDNAME>COUNTER</FIELDNAME>
     <ROLLNAME>S_COUNTNUM</ROLLNAME>
     <CHECKTABLE>SCOUNTER</CHECKTABLE>
     <ADMINFIELD>0</ADMINFIELD>
     <SHLPORIGIN>P</SHLPORIGIN>
     <COMPTYPE>E</COMPTYPE>
    </DD03P>
    <DD03P>
     <FIELDNAME>AGENCYNUM</FIELDNAME>
     <ROLLNAME>S_AGNCYNUM</ROLLNAME>
     <CHECKTABLE>STRAVELAG</CHECKTABLE>
     <ADMINFIELD>0</ADMINFIELD>
     <SHLPORIGIN>P</SHLPORIGIN>
     <SHLPNAME>STRAVELAG_NAME_SIMPLE</SHLPNAME>
     <SHLPFIELD>AGENCYNUM</SHLPFIELD>
     <COMPTYPE>E</COMPTYPE>
    </DD03P>
    <DD03P>
     <FIELDNAME>CANCELLED</FIELDNAME>
     <ROLLNAME>S_CANCEL</ROLLNAME>
     <ADMINFIELD>0</ADMINFIELD>
     <VALEXI>X</VALEXI>
     <SHLPORIGIN>F</SHLPORIGIN>
     <COMPTYPE>E</COMPTYPE>
    </DD03P>
    <DD03P>
     <FIELDNAME>RESERVED</FIELDNAME>
     <ROLLNAME>S_RESERV</ROLLNAME>
     <ADMINFIELD>0</ADMINFIELD>
     <VALEXI>X</VALEXI>
     <SHLPORIGIN>F</SHLPORIGIN>
     <COMPTYPE>E</COMPTYPE>
    </DD03P>
    <DD03P>
     <FIELDNAME>PASSNAME</FIELDNAME>
     <ROLLNAME>S_PASSNAME</ROLLNAME>
     <ADMINFIELD>0</ADMINFIELD>
     <COMPTYPE>E</COMPTYPE>
    </DD03P>
    <DD03P>
     <FIELDNAME>PASSFORM</FIELDNAME>
     <ROLLNAME>S_FORM</ROLLNAME>
     <ADMINFIELD>0</ADMINFIELD>
     <COMPTYPE>E</COMPTYPE>
    </DD03P>
    <DD03P>
     <FIELDNAME>PASSBIRTH</FIELDNAME>
     <ROLLNAME>S_BIRTHDAT</ROLLNAME>
     <ADMINFIELD>0</ADMINFIELD>
     <SHLPORIGIN>T</SHLPORIGIN>
     <COMPTYPE>E</COMPTYPE>
    </DD03P>
   </DD03P_TABLE>
   <DD05M_TABLE>
    <DD05M>
     <FIELDNAME>AGENCYNUM</FIELDNAME>
     <FORTABLE>ZBOOK_C23</FORTABLE>
     <FORKEY>MANDT</FORKEY>
     <CHECKTABLE>STRAVELAG</CHECKTABLE>
     <CHECKFIELD>MANDT</CHECKFIELD>
     <PRIMPOS>0001</PRIMPOS>
     <DOMNAME>MANDT</DOMNAME>
     <DATATYPE>CLNT</DATATYPE>
    </DD05M>
    <DD05M>
     <FIELDNAME>AGENCYNUM</FIELDNAME>
     <FORTABLE>ZBOOK_C23</FORTABLE>
     <FORKEY>AGENCYNUM</FORKEY>
     <CHECKTABLE>STRAVELAG</CHECKTABLE>
     <CHECKFIELD>AGENCYNUM</CHECKFIELD>
     <PRIMPOS>0002</PRIMPOS>
     <DOMNAME>S_BUSPANUM</DOMNAME>
     <DATATYPE>NUMC</DATATYPE>
    </DD05M>
    <DD05M>
     <FIELDNAME>CARRID</FIELDNAME>
     <FORTABLE>ZBOOK_C23</FORTABLE>
     <FORKEY>MANDT</FORKEY>
     <CHECKTABLE>SCARR</CHECKTABLE>
     <CHECKFIELD>MANDT</CHECKFIELD>
     <PRIMPOS>0001</PRIMPOS>
     <DOMNAME>MANDT</DOMNAME>
     <DATATYPE>CLNT</DATATYPE>
    </DD05M>
    <DD05M>
     <FIELDNAME>CARRID</FIELDNAME>
     <FORTABLE>ZBOOK_C23</FORTABLE>
     <FORKEY>CARRID</FORKEY>
     <CHECKTABLE>SCARR</CHECKTABLE>
     <CHECKFIELD>CARRID</CHECKFIELD>
     <PRIMPOS>0002</PRIMPOS>
     <DOMNAME>S_CARR_ID</DOMNAME>
     <DATATYPE>CHAR</DATATYPE>
    </DD05M>
    <DD05M>
     <FIELDNAME>CONNID</FIELDNAME>
     <FORTABLE>ZBOOK_C23</FORTABLE>
     <FORKEY>MANDT</FORKEY>
     <CHECKTABLE>SPFLI</CHECKTABLE>
     <CHECKFIELD>MANDT</CHECKFIELD>
     <PRIMPOS>0001</PRIMPOS>
     <DOMNAME>MANDT</DOMNAME>
     <DATATYPE>CLNT</DATATYPE>
    </DD05M>
    <DD05M>
     <FIELDNAME>CONNID</FIELDNAME>
     <FORTABLE>ZBOOK_C23</FORTABLE>
     <FORKEY>CARRID</FORKEY>
     <CHECKTABLE>SPFLI</CHECKTABLE>
     <CHECKFIELD>CARRID</CHECKFIELD>
     <PRIMPOS>0002</PRIMPOS>
     <DOMNAME>S_CARR_ID</DOMNAME>
     <DATATYPE>CHAR</DATATYPE>
    </DD05M>
    <DD05M>
     <FIELDNAME>CONNID</FIELDNAME>
     <FORTABLE>ZBOOK_C23</FORTABLE>
     <FORKEY>CONNID</FORKEY>
     <CHECKTABLE>SPFLI</CHECKTABLE>
     <CHECKFIELD>CONNID</CHECKFIELD>
     <PRIMPOS>0003</PRIMPOS>
     <DOMNAME>S_CONN_ID</DOMNAME>
     <DATATYPE>NUMC</DATATYPE>
    </DD05M>
    <DD05M>
     <FIELDNAME>COUNTER</FIELDNAME>
     <FORTABLE>ZBOOK_C23</FORTABLE>
     <FORKEY>MANDT</FORKEY>
     <CHECKTABLE>SCOUNTER</CHECKTABLE>
     <CHECKFIELD>MANDT</CHECKFIELD>
     <PRIMPOS>0001</PRIMPOS>
     <DOMNAME>MANDT</DOMNAME>
     <DATATYPE>CLNT</DATATYPE>
    </DD05M>
    <DD05M>
     <FIELDNAME>COUNTER</FIELDNAME>
     <FORTABLE>ZBOOK_C23</FORTABLE>
     <FORKEY>CARRID</FORKEY>
     <CHECKTABLE>SCOUNTER</CHECKTABLE>
     <CHECKFIELD>CARRID</CHECKFIELD>
     <PRIMPOS>0002</PRIMPOS>
     <DOMNAME>S_CARR_ID</DOMNAME>
     <DATATYPE>CHAR</DATATYPE>
    </DD05M>
    <DD05M>
     <FIELDNAME>COUNTER</FIELDNAME>
     <FORTABLE>ZBOOK_C23</FORTABLE>
     <FORKEY>COUNTER</FORKEY>
     <CHECKTABLE>SCOUNTER</CHECKTABLE>
     <CHECKFIELD>COUNTNUM</CHECKFIELD>
     <PRIMPOS>0003</PRIMPOS>
     <DOMNAME>S_COUNTNUM</DOMNAME>
     <DATATYPE>NUMC</DATATYPE>
    </DD05M>
    <DD05M>
     <FIELDNAME>CUSTOMID</FIELDNAME>
     <FORTABLE>ZBOOK_C23</FORTABLE>
     <FORKEY>MANDT</FORKEY>
     <CHECKTABLE>SCUSTOM</CHECKTABLE>
     <CHECKFIELD>MANDT</CHECKFIELD>
     <PRIMPOS>0001</PRIMPOS>
     <DOMNAME>MANDT</DOMNAME>
     <DATATYPE>CLNT</DATATYPE>
    </DD05M>
    <DD05M>
     <FIELDNAME>CUSTOMID</FIELDNAME>
     <FORTABLE>ZBOOK_C23</FORTABLE>
     <FORKEY>CUSTOMID</FORKEY>
     <CHECKTABLE>SCUSTOM</CHECKTABLE>
     <CHECKFIELD>ID</CHECKFIELD>
     <PRIMPOS>0002</PRIMPOS>
     <DOMNAME>S_BUSPANUM</DOMNAME>
     <DATATYPE>NUMC</DATATYPE>
    </DD05M>
    <DD05M>
     <FIELDNAME>FLDATE</FIELDNAME>
     <FORTABLE>ZBOOK_C23</FORTABLE>
     <FORKEY>MANDT</FORKEY>
     <CHECKTABLE>SFLIGHT</CHECKTABLE>
     <CHECKFIELD>MANDT</CHECKFIELD>
     <PRIMPOS>0001</PRIMPOS>
     <DOMNAME>MANDT</DOMNAME>
     <DATATYPE>CLNT</DATATYPE>
    </DD05M>
    <DD05M>
     <FIELDNAME>FLDATE</FIELDNAME>
     <FORTABLE>ZBOOK_C23</FORTABLE>
     <FORKEY>CARRID</FORKEY>
     <CHECKTABLE>SFLIGHT</CHECKTABLE>
     <CHECKFIELD>CARRID</CHECKFIELD>
     <PRIMPOS>0002</PRIMPOS>
     <DOMNAME>S_CARR_ID</DOMNAME>
     <DATATYPE>CHAR</DATATYPE>
    </DD05M>
    <DD05M>
     <FIELDNAME>FLDATE</FIELDNAME>
     <FORTABLE>ZBOOK_C23</FORTABLE>
     <FORKEY>CONNID</FORKEY>
     <CHECKTABLE>SFLIGHT</CHECKTABLE>
     <CHECKFIELD>CONNID</CHECKFIELD>
     <PRIMPOS>0003</PRIMPOS>
     <DOMNAME>S_CONN_ID</DOMNAME>
     <DATATYPE>NUMC</DATATYPE>
    </DD05M>
    <DD05M>
     <FIELDNAME>FLDATE</FIELDNAME>
     <FORTABLE>ZBOOK_C23</FORTABLE>
     <FORKEY>FLDATE</FORKEY>
     <CHECKTABLE>SFLIGHT</CHECKTABLE>
     <CHECKFIELD>FLDATE</CHECKFIELD>
     <PRIMPOS>0004</PRIMPOS>
     <DOMNAME>S_DATE</DOMNAME>
     <DATATYPE>DATS</DATATYPE>
    </DD05M>
    <DD05M>
     <FIELDNAME>FORCURKEY</FIELDNAME>
     <FORTABLE>ZBOOK_C23</FORTABLE>
     <FORKEY>FORCURKEY</FORKEY>
     <CHECKTABLE>SCURX</CHECKTABLE>
     <CHECKFIELD>CURRKEY</CHECKFIELD>
     <PRIMPOS>0001</PRIMPOS>
     <DOMNAME>S_CURR</DOMNAME>
     <DATATYPE>CUKY</DATATYPE>
    </DD05M>
    <DD05M>
     <FIELDNAME>LOCCURKEY</FIELDNAME>
     <FORTABLE>ZBOOK_C23</FORTABLE>
     <FORKEY>LOCCURKEY</FORKEY>
     <CHECKTABLE>SCURX</CHECKTABLE>
     <CHECKFIELD>CURRKEY</CHECKFIELD>
     <PRIMPOS>0001</PRIMPOS>
     <DOMNAME>S_CURR</DOMNAME>
     <DATATYPE>CUKY</DATATYPE>
    </DD05M>
    <DD05M>
     <FIELDNAME>MANDT</FIELDNAME>
     <FORTABLE>ZBOOK_C23</FORTABLE>
     <FORKEY>MANDT</FORKEY>
     <CHECKTABLE>T000</CHECKTABLE>
     <CHECKFIELD>MANDT</CHECKFIELD>
     <PRIMPOS>0001</PRIMPOS>
     <DOMNAME>MANDT</DOMNAME>
     <DATATYPE>CLNT</DATATYPE>
    </DD05M>
    <DD05M>
     <FIELDNAME>WUNIT</FIELDNAME>
     <FORTABLE>ZBOOK_C23</FORTABLE>
     <FORKEY>MANDT</FORKEY>
     <CHECKTABLE>T006</CHECKTABLE>
     <CHECKFIELD>MANDT</CHECKFIELD>
     <PRIMPOS>0001</PRIMPOS>
     <DOMNAME>MANDT</DOMNAME>
     <DATATYPE>CLNT</DATATYPE>
    </DD05M>
    <DD05M>
     <FIELDNAME>WUNIT</FIELDNAME>
     <FORTABLE>ZBOOK_C23</FORTABLE>
     <FORKEY>WUNIT</FORKEY>
     <CHECKTABLE>T006</CHECKTABLE>
     <CHECKFIELD>MSEHI</CHECKFIELD>
     <PRIMPOS>0002</PRIMPOS>
     <DOMNAME>MEINS</DOMNAME>
     <DATATYPE>UNIT</DATATYPE>
    </DD05M>
   </DD05M_TABLE>
   <DD08V_TABLE>
    <DD08V>
     <FIELDNAME>AGENCYNUM</FIELDNAME>
     <CHECKTABLE>STRAVELAG</CHECKTABLE>
     <FRKART>REF</FRKART>
     <CARD>CN</CARD>
     <DDTEXT>Check Against Travel Agency</DDTEXT>
     <CARDLEFT>1</CARDLEFT>
    </DD08V>
    <DD08V>
     <FIELDNAME>CARRID</FIELDNAME>
     <CHECKTABLE>SCARR</CHECKTABLE>
     <FRKART>KEY</FRKART>
     <CARD>CN</CARD>
     <DDTEXT>Check Against Airline</DDTEXT>
     <CARDLEFT>1</CARDLEFT>
    </DD08V>
    <DD08V>
     <FIELDNAME>CONNID</FIELDNAME>
     <CHECKTABLE>SPFLI</CHECKTABLE>
     <DDTEXT>Check Against Flight Connection</DDTEXT>
    </DD08V>
    <DD08V>
     <FIELDNAME>COUNTER</FIELDNAME>
     <CHECKTABLE>SCOUNTER</CHECKTABLE>
     <FRKART>REF</FRKART>
     <CARD>CN</CARD>
     <DDTEXT>Check Against Sales Office</DDTEXT>
     <CARDLEFT>1</CARDLEFT>
    </DD08V>
    <DD08V>
     <FIELDNAME>CUSTOMID</FIELDNAME>
     <CHECKTABLE>SCUSTOM</CHECKTABLE>
     <FRKART>KEY</FRKART>
     <CARD>CN</CARD>
     <DDTEXT>Check against customer table</DDTEXT>
     <CARDLEFT>1</CARDLEFT>
    </DD08V>
    <DD08V>
     <FIELDNAME>FLDATE</FIELDNAME>
     <CHECKTABLE>SFLIGHT</CHECKTABLE>
     <FRKART>KEY</FRKART>
     <CARD>CN</CARD>
     <DDTEXT>Check Against Flights Table</DDTEXT>
     <CARDLEFT>1</CARDLEFT>
    </DD08V>
    <DD08V>
     <FIELDNAME>FORCURKEY</FIELDNAME>
     <CHECKTABLE>SCURX</CHECKTABLE>
     <FRKART>REF</FRKART>
     <CARD>CN</CARD>
     <CARDLEFT>1</CARDLEFT>
    </DD08V>
    <DD08V>
     <FIELDNAME>LOCCURKEY</FIELDNAME>
     <CHECKTABLE>SCURX</CHECKTABLE>
     <FRKART>REF</FRKART>
     <CARD>CN</CARD>
     <DDTEXT>Check Currency</DDTEXT>
     <CARDLEFT>1</CARDLEFT>
    </DD08V>
    <DD08V>
     <FIELDNAME>MANDT</FIELDNAME>
     <CHECKTABLE>T000</CHECKTABLE>
    </DD08V>
    <DD08V>
     <FIELDNAME>WUNIT</FIELDNAME>
     <CHECKTABLE>T006</CHECKTABLE>
     <DDTEXT>Check Against Units</DDTEXT>
    </DD08V>
   </DD08V_TABLE>
   <DD12V>
    <DD12V>
     <SQLTAB>ZBOOK_C23</SQLTAB>
     <INDEXNAME>ACY</INDEXNAME>
     <AS4LOCAL>A</AS4LOCAL>
     <DDLANGUAGE>E</DDLANGUAGE>
     <DBSTATE>D</DBSTATE>
     <DBINCLEXCL>E</DBINCLEXCL>
     <DBSYSSEL1>HDB</DBSYSSEL1>
     <DDTEXT>Index using travel agency number</DDTEXT>
    </DD12V>
    <DD12V>
     <SQLTAB>ZBOOK_C23</SQLTAB>
     <INDEXNAME>CUS</INDEXNAME>
     <AS4LOCAL>A</AS4LOCAL>
     <DDLANGUAGE>E</DDLANGUAGE>
     <DBSTATE>D</DBSTATE>
     <DBINCLEXCL>E</DBINCLEXCL>
     <DBSYSSEL1>HDB</DBSYSSEL1>
     <DDTEXT>Index using customer number</DDTEXT>
    </DD12V>
   </DD12V>
   <DD17V>
    <DD17V>
     <SQLTAB>ZBOOK_C23</SQLTAB>
     <INDEXNAME>ACY</INDEXNAME>
     <POSITION>0001</POSITION>
     <AS4LOCAL>A</AS4LOCAL>
     <FIELDNAME>MANDT</FIELDNAME>
    </DD17V>
    <DD17V>
     <SQLTAB>ZBOOK_C23</SQLTAB>
     <INDEXNAME>ACY</INDEXNAME>
     <POSITION>0002</POSITION>
     <AS4LOCAL>A</AS4LOCAL>
     <FIELDNAME>AGENCYNUM</FIELDNAME>
    </DD17V>
    <DD17V>
     <SQLTAB>ZBOOK_C23</SQLTAB>
     <INDEXNAME>CUS</INDEXNAME>
     <POSITION>0001</POSITION>
     <AS4LOCAL>A</AS4LOCAL>
     <FIELDNAME>MANDT</FIELDNAME>
    </DD17V>
    <DD17V>
     <SQLTAB>ZBOOK_C23</SQLTAB>
     <INDEXNAME>CUS</INDEXNAME>
     <POSITION>0002</POSITION>
     <AS4LOCAL>A</AS4LOCAL>
     <FIELDNAME>CUSTOMID</FIELDNAME>
    </DD17V>
   </DD17V>
   <DD35V_TALE>
    <DD35V>
     <FIELDNAME>BOOKID</FIELDNAME>
     <SHLPNAME>SBOOK</SHLPNAME>
    </DD35V>
   </DD35V_TALE>
   <DD36M>
    <DD36M>
     <FIELDNAME>BOOKID</FIELDNAME>
     <SHLPNAME>SBOOK</SHLPNAME>
     <SHLPFIELD>AGENCYNUM</SHLPFIELD>
     <FLPOSITION>0006</FLPOSITION>
     <SHTABLE>ZBOOK_C23</SHTABLE>
     <SHFIELD>AGENCYNUM</SHFIELD>
     <SHLPINPUT>X</SHLPINPUT>
     <SHLPOUTPUT>X</SHLPOUTPUT>
     <ROLLNAME>S_AGNCYNUM</ROLLNAME>
     <DOMNAME>S_BUSPANUM</DOMNAME>
     <DATATYPE>NUMC</DATATYPE>
     <LENG>000008</LENG>
    </DD36M>
    <DD36M>
     <FIELDNAME>BOOKID</FIELDNAME>
     <SHLPNAME>SBOOK</SHLPNAME>
     <SHLPFIELD>BOOKID</SHLPFIELD>
     <FLPOSITION>0004</FLPOSITION>
     <SHTABLE>ZBOOK_C23</SHTABLE>
     <SHFIELD>BOOKID</SHFIELD>
     <SHLPOUTPUT>X</SHLPOUTPUT>
     <ROLLNAME>S_BOOK_ID</ROLLNAME>
     <DOMNAME>S_BOOK_ID</DOMNAME>
     <DATATYPE>NUMC</DATATYPE>
     <LENG>000008</LENG>
    </DD36M>
    <DD36M>
     <FIELDNAME>BOOKID</FIELDNAME>
     <SHLPNAME>SBOOK</SHLPNAME>
     <SHLPFIELD>CARRID</SHLPFIELD>
     <FLPOSITION>0001</FLPOSITION>
     <SHTABLE>ZBOOK_C23</SHTABLE>
     <SHFIELD>CARRID</SHFIELD>
     <SHLPOUTPUT>X</SHLPOUTPUT>
     <ROLLNAME>S_CARR_ID</ROLLNAME>
     <DOMNAME>S_CARR_ID</DOMNAME>
     <DATATYPE>CHAR</DATATYPE>
     <LENG>000003</LENG>
    </DD36M>
    <DD36M>
     <FIELDNAME>BOOKID</FIELDNAME>
     <SHLPNAME>SBOOK</SHLPNAME>
     <SHLPFIELD>CONNID</SHLPFIELD>
     <FLPOSITION>0002</FLPOSITION>
     <SHTABLE>ZBOOK_C23</SHTABLE>
     <SHFIELD>CONNID</SHFIELD>
     <SHLPOUTPUT>X</SHLPOUTPUT>
     <ROLLNAME>S_CONN_ID</ROLLNAME>
     <DOMNAME>S_CONN_ID</DOMNAME>
     <DATATYPE>NUMC</DATATYPE>
     <LENG>000004</LENG>
    </DD36M>
    <DD36M>
     <FIELDNAME>BOOKID</FIELDNAME>
     <SHLPNAME>SBOOK</SHLPNAME>
     <SHLPFIELD>CUSTOMID</SHLPFIELD>
     <FLPOSITION>0005</FLPOSITION>
     <SHTABLE>ZBOOK_C23</SHTABLE>
     <SHFIELD>CUSTOMID</SHFIELD>
     <SHLPINPUT>X</SHLPINPUT>
     <SHLPOUTPUT>X</SHLPOUTPUT>
     <ROLLNAME>S_CUSTOMER</ROLLNAME>
     <DOMNAME>S_BUSPANUM</DOMNAME>
     <DATATYPE>NUMC</DATATYPE>
     <LENG>000008</LENG>
    </DD36M>
    <DD36M>
     <FIELDNAME>BOOKID</FIELDNAME>
     <SHLPNAME>SBOOK</SHLPNAME>
     <SHLPFIELD>FLDATE</SHLPFIELD>
     <FLPOSITION>0003</FLPOSITION>
     <SHTABLE>ZBOOK_C23</SHTABLE>
     <SHFIELD>FLDATE</SHFIELD>
     <SHLPOUTPUT>X</SHLPOUTPUT>
     <ROLLNAME>S_DATE</ROLLNAME>
     <DOMNAME>S_DATE</DOMNAME>
     <DATATYPE>DATS</DATATYPE>
     <LENG>000008</LENG>
    </DD36M>
   </DD36M>
   <I18N_LANGS>
    <LANGU>3</LANGU>
    <LANGU>D</LANGU>
   </I18N_LANGS>
   <DD02_TEXTS>
    <item>
     <DDLANGUAGE>3</DDLANGUAGE>
     <DDTEXT>비행기예약</DDTEXT>
    </item>
    <item>
     <DDLANGUAGE>D</DDLANGUAGE>
     <DDTEXT>Einzelflugbuchung</DDTEXT>
    </item>
   </DD02_TEXTS>
   <LONGTEXTS>
    <item>
     <DOKIL>
      <ID>TB</ID>
      <OBJECT>ZBOOK_C23</OBJECT>
      <LANGU>D</LANGU>
      <TYP>E</TYP>
      <VERSION>0001</VERSION>
      <MASTERLANG>X</MASTERLANG>
      <TXTLINES>00004</TXTLINES>
      <DOKSTATE>A</DOKSTATE>
     </DOKIL>
     <HEAD>
      <TDOBJECT>DOKU</TDOBJECT>
      <TDNAME>ZBOOK_C23</TDNAME>
      <TDID>TB</TDID>
      <TDSPRAS>D</TDSPRAS>
      <TDFORM>S_DOCU_SHOW</TDFORM>
      <TDSTYLE>S_DOCUS1</TDSTYLE>
      <TDVERSION>00001</TDVERSION>
      <TDLINESIZE>072</TDLINESIZE>
     </HEAD>
     <LINES>
      <TLINE>
       <TDFORMAT>U1</TDFORMAT>
       <TDLINE>&amp;USE&amp;</TDLINE>
      </TLINE>
      <TLINE>
       <TDFORMAT>AS</TDFORMAT>
       <TDLINE>Diese Tabelle wird im Rahmen der ABAP/4-Schulungen verwendet. Sie ent-</TDLINE>
      </TLINE>
      <TLINE>
       <TDLINE>hält Informationen über die Buchung eines Fluges durch einen Kunden. An</TDLINE>
      </TLINE>
      <TLINE>
       <TDLINE>Hand dieser Tabelle lassen sich Fremdschlüsselbeziehungen zu ver-</TDLINE>
      </TLINE>
      <TLINE>
       <TDLINE>schiedenen Prüftabellen demonstrieren.</TDLINE>
      </TLINE>
      <TLINE>
       <TDFORMAT>U1</TDFORMAT>
       <TDLINE>&amp;MAINTENANCE&amp;</TDLINE>
      </TLINE>
      <TLINE>
       <TDFORMAT>AS</TDFORMAT>
      </TLINE>
     </LINES>
    </item>
    <item>
     <DOKIL>
      <ID>TB</ID>
      <OBJECT>ZBOOK_C23</OBJECT>
      <LANGU>E</LANGU>
      <TYP>E</TYP>
      <VERSION>0001</VERSION>
      <TXTLINES>00003</TXTLINES>
      <DOKSTATE>A</DOKSTATE>
     </DOKIL>
     <HEAD>
      <TDOBJECT>DOKU</TDOBJECT>
      <TDNAME>ZBOOK_C23</TDNAME>
      <TDID>TB</TDID>
      <TDSPRAS>E</TDSPRAS>
      <TDFORM>S_DOCU_SHOW</TDFORM>
      <TDSTYLE>S_DOCUS1</TDSTYLE>
      <TDVERSION>00001</TDVERSION>
      <TDLINESIZE>072</TDLINESIZE>
     </HEAD>
     <LINES>
      <TLINE>
       <TDFORMAT>U1</TDFORMAT>
       <TDLINE>&amp;USE&amp;</TDLINE>
      </TLINE>
      <TLINE>
       <TDFORMAT>AS</TDFORMAT>
       <TDLINE>This table is used for ABAP/4 training courses. It contains information</TDLINE>
      </TLINE>
      <TLINE>
       <TDLINE>about flights booked by customers and can be used to demonstrate</TDLINE>
      </TLINE>
      <TLINE>
       <TDLINE>foreign-key relationships to different check tables.</TDLINE>
      </TLINE>
      <TLINE>
       <TDFORMAT>U1</TDFORMAT>
       <TDLINE>&amp;MAINTENANCE&amp;</TDLINE>
      </TLINE>
      <TLINE>
       <TDFORMAT>AS</TDFORMAT>
      </TLINE>
     </LINES>
    </item>
   </LONGTEXTS>
  </asx:values>
 </asx:abap>
</abapGit>
