﻿<?xml version="1.0" encoding="utf-8"?>
<abapGit version="v1.0.0" serializer="LCL_OBJECT_VIEW" serializer_version="v1.0.0">
 <asx:abap xmlns:asx="http://www.sap.com/abapxml" version="1.0">
  <asx:values>
   <DD25V>
    <VIEWNAME>ZBPCUS_C23</VIEWNAME>
    <AS4LOCAL>A</AS4LOCAL>
    <DDLANGUAGE>E</DDLANGUAGE>
    <AGGTYPE>V</AGGTYPE>
    <ROOTTAB>SBOOK</ROOTTAB>
    <DDTEXT>[HW] 예약정보 관리 SNC-23</DDTEXT>
    <VIEWCLASS>D</VIEWCLASS>
    <VIEWGRANT>R</VIEWGRANT>
   </DD25V>
   <DD09L>
    <TABNAME>ZBPCUS_C23</TABNAME>
    <AS4LOCAL>A</AS4LOCAL>
    <PUFFERUNG>X</PUFFERUNG>
    <BUFALLOW>X</BUFALLOW>
   </DD09L>
   <DD26V_TABLE>
    <DD26V>
     <VIEWNAME>ZBPCUS_C23</VIEWNAME>
     <TABNAME>SBOOK</TABNAME>
     <TABPOS>0001</TABPOS>
     <FORTABNAME>SBOOK</FORTABNAME>
    </DD26V>
    <DD26V>
     <VIEWNAME>ZBPCUS_C23</VIEWNAME>
     <TABNAME>SPFLI</TABNAME>
     <TABPOS>0002</TABPOS>
    </DD26V>
    <DD26V>
     <VIEWNAME>ZBPCUS_C23</VIEWNAME>
     <TABNAME>SCUSTOM</TABNAME>
     <TABPOS>0003</TABPOS>
    </DD26V>
   </DD26V_TABLE>
   <DD27P_TABLE>
    <DD27P>
     <VIEWFIELD>MANDT</VIEWFIELD>
     <TABNAME>SBOOK</TABNAME>
     <FIELDNAME>MANDT</FIELDNAME>
     <KEYFLAG>X</KEYFLAG>
     <CHECKTABLE>T000</CHECKTABLE>
     <SHLPORIGIN>P</SHLPORIGIN>
    </DD27P>
    <DD27P>
     <VIEWFIELD>CARRID</VIEWFIELD>
     <TABNAME>SBOOK</TABNAME>
     <FIELDNAME>CARRID</FIELDNAME>
     <KEYFLAG>X</KEYFLAG>
     <CHECKTABLE>SCARR</CHECKTABLE>
     <SHLPORIGIN>P</SHLPORIGIN>
     <SHLPNAME>S_CARRIER_ID</SHLPNAME>
     <SHLPFIELD>CARRID</SHLPFIELD>
    </DD27P>
    <DD27P>
     <VIEWFIELD>CONNID</VIEWFIELD>
     <TABNAME>SBOOK</TABNAME>
     <FIELDNAME>CONNID</FIELDNAME>
     <KEYFLAG>X</KEYFLAG>
     <CHECKTABLE>SPFLI</CHECKTABLE>
     <SHLPORIGIN>P</SHLPORIGIN>
    </DD27P>
    <DD27P>
     <VIEWFIELD>FLDATE</VIEWFIELD>
     <TABNAME>SBOOK</TABNAME>
     <FIELDNAME>FLDATE</FIELDNAME>
     <KEYFLAG>X</KEYFLAG>
     <CHECKTABLE>SFLIGHT</CHECKTABLE>
     <SHLPORIGIN>P</SHLPORIGIN>
    </DD27P>
    <DD27P>
     <VIEWFIELD>BOOKID</VIEWFIELD>
     <TABNAME>SBOOK</TABNAME>
     <FIELDNAME>BOOKID</FIELDNAME>
     <KEYFLAG>X</KEYFLAG>
     <SHLPORIGIN>X</SHLPORIGIN>
    </DD27P>
    <DD27P>
     <VIEWFIELD>CUSTOMID</VIEWFIELD>
     <TABNAME>SBOOK</TABNAME>
     <FIELDNAME>CUSTOMID</FIELDNAME>
     <CHECKTABLE>SCUSTOM</CHECKTABLE>
     <SHLPORIGIN>P</SHLPORIGIN>
    </DD27P>
    <DD27P>
     <VIEWFIELD>ORDER_DATE</VIEWFIELD>
     <TABNAME>SBOOK</TABNAME>
     <FIELDNAME>ORDER_DATE</FIELDNAME>
     <SHLPORIGIN>T</SHLPORIGIN>
    </DD27P>
    <DD27P>
     <VIEWFIELD>CANCELLED</VIEWFIELD>
     <TABNAME>SBOOK</TABNAME>
     <FIELDNAME>CANCELLED</FIELDNAME>
     <SHLPORIGIN>F</SHLPORIGIN>
     <LOGFLAG>X</LOGFLAG>
     <VALEXI>X</VALEXI>
    </DD27P>
    <DD27P>
     <VIEWFIELD>CLASS</VIEWFIELD>
     <TABNAME>SBOOK</TABNAME>
     <FIELDNAME>CLASS</FIELDNAME>
     <SHLPORIGIN>F</SHLPORIGIN>
     <VALEXI>X</VALEXI>
    </DD27P>
    <DD27P>
     <VIEWFIELD>COUNTRYFR</VIEWFIELD>
     <TABNAME>SPFLI</TABNAME>
     <FIELDNAME>COUNTRYFR</FIELDNAME>
     <CHECKTABLE>SGEOCITY</CHECKTABLE>
     <SHLPORIGIN>P</SHLPORIGIN>
     <LOGFLAG>X</LOGFLAG>
    </DD27P>
    <DD27P>
     <VIEWFIELD>CITYFROM</VIEWFIELD>
     <TABNAME>SPFLI</TABNAME>
     <FIELDNAME>CITYFROM</FIELDNAME>
     <CHECKTABLE>SGEOCITY</CHECKTABLE>
     <SHLPORIGIN>P</SHLPORIGIN>
    </DD27P>
    <DD27P>
     <VIEWFIELD>COUNTRYTO</VIEWFIELD>
     <TABNAME>SPFLI</TABNAME>
     <FIELDNAME>COUNTRYTO</FIELDNAME>
     <CHECKTABLE>SGEOCITY</CHECKTABLE>
     <SHLPORIGIN>P</SHLPORIGIN>
     <LOGFLAG>X</LOGFLAG>
    </DD27P>
    <DD27P>
     <VIEWFIELD>CITYTO</VIEWFIELD>
     <TABNAME>SPFLI</TABNAME>
     <FIELDNAME>CITYTO</FIELDNAME>
     <CHECKTABLE>SGEOCITY</CHECKTABLE>
     <SHLPORIGIN>P</SHLPORIGIN>
    </DD27P>
    <DD27P>
     <VIEWFIELD>NAME</VIEWFIELD>
     <TABNAME>SCUSTOM</TABNAME>
     <FIELDNAME>NAME</FIELDNAME>
    </DD27P>
    <DD27P>
     <VIEWFIELD>FORM</VIEWFIELD>
     <TABNAME>SCUSTOM</TABNAME>
     <FIELDNAME>FORM</FIELDNAME>
     <LOGFLAG>X</LOGFLAG>
    </DD27P>
    <DD27P>
     <VIEWFIELD>CITY</VIEWFIELD>
     <TABNAME>SCUSTOM</TABNAME>
     <FIELDNAME>CITY</FIELDNAME>
     <LOGFLAG>X</LOGFLAG>
    </DD27P>
    <DD27P>
     <VIEWFIELD>COUNTRY</VIEWFIELD>
     <TABNAME>SCUSTOM</TABNAME>
     <FIELDNAME>COUNTRY</FIELDNAME>
    </DD27P>
    <DD27P>
     <VIEWFIELD>REGION</VIEWFIELD>
     <TABNAME>SCUSTOM</TABNAME>
     <FIELDNAME>REGION</FIELDNAME>
    </DD27P>
    <DD27P>
     <VIEWFIELD>FORCURAM</VIEWFIELD>
     <TABNAME>SBOOK</TABNAME>
     <FIELDNAME>FORCURAM</FIELDNAME>
     <REFTABLE>SBOOK</REFTABLE>
     <REFFIELD>FORCURKEY</REFFIELD>
    </DD27P>
    <DD27P>
     <VIEWFIELD>FORCURKEY</VIEWFIELD>
     <TABNAME>SBOOK</TABNAME>
     <FIELDNAME>FORCURKEY</FIELDNAME>
     <CHECKTABLE>SCURX</CHECKTABLE>
     <SHLPORIGIN>P</SHLPORIGIN>
    </DD27P>
    <DD27P>
     <VIEWFIELD>LOCCURAM</VIEWFIELD>
     <TABNAME>SBOOK</TABNAME>
     <FIELDNAME>LOCCURAM</FIELDNAME>
     <REFTABLE>SBOOK</REFTABLE>
     <REFFIELD>LOCCURKEY</REFFIELD>
    </DD27P>
    <DD27P>
     <VIEWFIELD>LOCCURKEY</VIEWFIELD>
     <TABNAME>SBOOK</TABNAME>
     <FIELDNAME>LOCCURKEY</FIELDNAME>
     <CHECKTABLE>SCURX</CHECKTABLE>
     <SHLPORIGIN>P</SHLPORIGIN>
    </DD27P>
   </DD27P_TABLE>
   <DD28J_TABLE>
    <DD28J>
     <VIEWNAME>ZBPCUS_C23</VIEWNAME>
     <LTAB>SPFLI</LTAB>
     <LFIELD>MANDT</LFIELD>
     <OPERATOR>EQ</OPERATOR>
     <RTAB>SBOOK</RTAB>
     <RFIELD>MANDT</RFIELD>
     <SOURCE>S</SOURCE>
    </DD28J>
    <DD28J>
     <VIEWNAME>ZBPCUS_C23</VIEWNAME>
     <LTAB>SPFLI</LTAB>
     <LFIELD>CARRID</LFIELD>
     <OPERATOR>EQ</OPERATOR>
     <RTAB>SBOOK</RTAB>
     <RFIELD>CARRID</RFIELD>
     <SOURCE>S</SOURCE>
    </DD28J>
    <DD28J>
     <VIEWNAME>ZBPCUS_C23</VIEWNAME>
     <LTAB>SPFLI</LTAB>
     <LFIELD>CONNID</LFIELD>
     <OPERATOR>EQ</OPERATOR>
     <RTAB>SBOOK</RTAB>
     <RFIELD>CONNID</RFIELD>
     <SOURCE>S</SOURCE>
    </DD28J>
    <DD28J>
     <VIEWNAME>ZBPCUS_C23</VIEWNAME>
     <LTAB>SCUSTOM</LTAB>
     <LFIELD>MANDT</LFIELD>
     <OPERATOR>EQ</OPERATOR>
     <RTAB>SBOOK</RTAB>
     <RFIELD>MANDT</RFIELD>
     <SOURCE>S</SOURCE>
    </DD28J>
    <DD28J>
     <VIEWNAME>ZBPCUS_C23</VIEWNAME>
     <LTAB>SCUSTOM</LTAB>
     <LFIELD>ID</LFIELD>
     <OPERATOR>EQ</OPERATOR>
     <RTAB>SBOOK</RTAB>
     <RFIELD>CUSTOMID</RFIELD>
     <SOURCE>S</SOURCE>
    </DD28J>
   </DD28J_TABLE>
  </asx:values>
 </asx:abap>
</abapGit>
