﻿<?xml version="1.0" encoding="utf-8"?>
<abapGit version="v1.0.0" serializer="LCL_OBJECT_IWPR" serializer_version="v1.0.0">
 <asx:abap xmlns:asx="http://www.sap.com/abapxml" version="1.0">
  <asx:values>
   <_-IWBEP_-I_SBD_AT>
    <_-IWBEP_-I_SBD_AT>
     <PROJECT>ZC23_EX2_REVIEW</PROJECT>
     <NODE_UUID>1PXvPjhYHt6VuKtPuYbRtw==</NODE_UUID>
     <NODE_UUID_PA>1PXvPjhYHt6VuIE3njWRWA==</NODE_UUID_PA>
     <PLUGIN_PA>/IWBEP/CORE</PLUGIN_PA>
     <NODE_TYPE_PA>PROJ</NODE_TYPE_PA>
     <NAME>GENERATED_METHODS_RDS</NAME>
     <TYPE>V2_RDS</TYPE>
     <MIME_TYPE>XML</MIME_TYPE>
     <VALUE>PD94bWwgdmVyc2lvbj0iMS4wIiBlbmNvZGluZz0idXRmLTgiPz48YXN4OmFiYXAgdmVyc2lvbj0i
MS4wIiB4bWxuczphc3g9Imh0dHA6Ly93d3cuc2FwLmNvbS9hYmFweG1sIj48YXN4OnZhbHVlcz48
R0VOLz48L2FzeDp2YWx1ZXM+PC9hc3g6YWJhcD4=</VALUE>
    </_-IWBEP_-I_SBD_AT>
   </_-IWBEP_-I_SBD_AT>
   <_-IWBEP_-I_SBD_DS>
    <_-IWBEP_-I_SBD_DS>
     <PROJECT>ZC23_EX2_REVIEW</PROJECT>
     <NODE_UUID>1PXvPjhYHt6VuIThvgIRgg==</NODE_UUID>
     <PARENT_UUID>1PXvPjhYHt6VuIE3njXRWA==</PARENT_UUID>
     <NAME>SFLIGHT</NAME>
     <DS_TYPE>5</DS_TYPE>
    </_-IWBEP_-I_SBD_DS>
    <_-IWBEP_-I_SBD_DS>
     <PROJECT>ZC23_EX2_REVIEW</PROJECT>
     <NODE_UUID>1PXvPjhYHt6VuIqu2W1Rgg==</NODE_UUID>
     <PARENT_UUID>1PXvPjhYHt6VuIE3njXRWA==</PARENT_UUID>
     <NAME>SPFLI</NAME>
     <DS_TYPE>5</DS_TYPE>
    </_-IWBEP_-I_SBD_DS>
   </_-IWBEP_-I_SBD_DS>
   <_-IWBEP_-I_SBD_DST>
    <_-IWBEP_-I_SBD_DST>
     <SYLANGU>E</SYLANGU>
     <PROJECT>ZC23_EX2_REVIEW</PROJECT>
     <NODE_UUID>1PXvPjhYHt6VuIThvgIRgg==</NODE_UUID>
    </_-IWBEP_-I_SBD_DST>
    <_-IWBEP_-I_SBD_DST>
     <SYLANGU>E</SYLANGU>
     <PROJECT>ZC23_EX2_REVIEW</PROJECT>
     <NODE_UUID>1PXvPjhYHt6VuIqu2W1Rgg==</NODE_UUID>
    </_-IWBEP_-I_SBD_DST>
   </_-IWBEP_-I_SBD_DST>
   <_-IWBEP_-I_SBD_GA>
    <_-IWBEP_-I_SBD_GA>
     <PROJECT>ZC23_EX2_REVIEW</PROJECT>
     <NODE_UUID>1PXvPjhYHt6VuKt2af6Rtw==</NODE_UUID>
     <NAME>ZCL_ZC23_EX2_REVIEW_MPC</NAME>
     <PGMID>R3TR</PGMID>
     <TROBJ_TYPE>CLAS</TROBJ_TYPE>
     <TROBJ_NAME>ZCL_ZC23_EX2_REVIEW_MPC</TROBJ_NAME>
     <GEN_ART_TYPE>MPCB</GEN_ART_TYPE>
    </_-IWBEP_-I_SBD_GA>
    <_-IWBEP_-I_SBD_GA>
     <PROJECT>ZC23_EX2_REVIEW</PROJECT>
     <NODE_UUID>1PXvPjhYHt6VuKt2af6xtw==</NODE_UUID>
     <NAME>ZCL_ZC23_EX2_REVIEW_MPC_EXT</NAME>
     <PGMID>R3TR</PGMID>
     <TROBJ_TYPE>CLAS</TROBJ_TYPE>
     <TROBJ_NAME>ZCL_ZC23_EX2_REVIEW_MPC_EXT</TROBJ_NAME>
     <GEN_ART_TYPE>MPCS</GEN_ART_TYPE>
    </_-IWBEP_-I_SBD_GA>
    <_-IWBEP_-I_SBD_GA>
     <PROJECT>ZC23_EX2_REVIEW</PROJECT>
     <NODE_UUID>1PXvPjhYHt6VuKt2af7Rtw==</NODE_UUID>
     <NAME>ZCL_ZC23_EX2_REVIEW_DPC</NAME>
     <PGMID>R3TR</PGMID>
     <TROBJ_TYPE>CLAS</TROBJ_TYPE>
     <TROBJ_NAME>ZCL_ZC23_EX2_REVIEW_DPC</TROBJ_NAME>
     <GEN_ART_TYPE>DPCB</GEN_ART_TYPE>
    </_-IWBEP_-I_SBD_GA>
    <_-IWBEP_-I_SBD_GA>
     <PROJECT>ZC23_EX2_REVIEW</PROJECT>
     <NODE_UUID>1PXvPjhYHt6VuKt2af7xtw==</NODE_UUID>
     <NAME>ZCL_ZC23_EX2_REVIEW_DPC_EXT</NAME>
     <PGMID>R3TR</PGMID>
     <TROBJ_TYPE>CLAS</TROBJ_TYPE>
     <TROBJ_NAME>ZCL_ZC23_EX2_REVIEW_DPC_EXT</TROBJ_NAME>
     <GEN_ART_TYPE>DPCS</GEN_ART_TYPE>
    </_-IWBEP_-I_SBD_GA>
    <_-IWBEP_-I_SBD_GA>
     <PROJECT>ZC23_EX2_REVIEW</PROJECT>
     <NODE_UUID>1PXvPjhYHt6VuKt2af8Rtw==</NODE_UUID>
     <NAME>ZC23_EX2_REVIEW_MDL</NAME>
     <PGMID>R3TR</PGMID>
     <TROBJ_TYPE>IWMO</TROBJ_TYPE>
     <TROBJ_NAME>ZC23_EX2_REVIEW_MDL</TROBJ_NAME>
     <GEN_ART_TYPE>MDL</GEN_ART_TYPE>
    </_-IWBEP_-I_SBD_GA>
    <_-IWBEP_-I_SBD_GA>
     <PROJECT>ZC23_EX2_REVIEW</PROJECT>
     <NODE_UUID>1PXvPjhYHt6VuKt2af8xtw==</NODE_UUID>
     <NAME>ZC23_EX2_REVIEW_SRV</NAME>
     <PGMID>R3TR</PGMID>
     <TROBJ_TYPE>IWSV</TROBJ_TYPE>
     <TROBJ_NAME>ZC23_EX2_REVIEW_SRV</TROBJ_NAME>
     <GEN_ART_TYPE>SRV</GEN_ART_TYPE>
    </_-IWBEP_-I_SBD_GA>
   </_-IWBEP_-I_SBD_GA>
   <_-IWBEP_-I_SBD_GAT>
    <_-IWBEP_-I_SBD_GAT>
     <SYLANGU>E</SYLANGU>
     <PROJECT>ZC23_EX2_REVIEW</PROJECT>
     <NODE_UUID>1PXvPjhYHt6VuKt2af6Rtw==</NODE_UUID>
    </_-IWBEP_-I_SBD_GAT>
    <_-IWBEP_-I_SBD_GAT>
     <SYLANGU>E</SYLANGU>
     <PROJECT>ZC23_EX2_REVIEW</PROJECT>
     <NODE_UUID>1PXvPjhYHt6VuKt2af6xtw==</NODE_UUID>
    </_-IWBEP_-I_SBD_GAT>
    <_-IWBEP_-I_SBD_GAT>
     <SYLANGU>E</SYLANGU>
     <PROJECT>ZC23_EX2_REVIEW</PROJECT>
     <NODE_UUID>1PXvPjhYHt6VuKt2af7Rtw==</NODE_UUID>
    </_-IWBEP_-I_SBD_GAT>
    <_-IWBEP_-I_SBD_GAT>
     <SYLANGU>E</SYLANGU>
     <PROJECT>ZC23_EX2_REVIEW</PROJECT>
     <NODE_UUID>1PXvPjhYHt6VuKt2af7xtw==</NODE_UUID>
    </_-IWBEP_-I_SBD_GAT>
    <_-IWBEP_-I_SBD_GAT>
     <SYLANGU>E</SYLANGU>
     <PROJECT>ZC23_EX2_REVIEW</PROJECT>
     <NODE_UUID>1PXvPjhYHt6VuKt2af8Rtw==</NODE_UUID>
    </_-IWBEP_-I_SBD_GAT>
    <_-IWBEP_-I_SBD_GAT>
     <SYLANGU>E</SYLANGU>
     <PROJECT>ZC23_EX2_REVIEW</PROJECT>
     <NODE_UUID>1PXvPjhYHt6VuKt2af8xtw==</NODE_UUID>
    </_-IWBEP_-I_SBD_GAT>
   </_-IWBEP_-I_SBD_GAT>
   <_-IWBEP_-I_SBD_MD>
    <_-IWBEP_-I_SBD_MD>
     <PROJECT>ZC23_EX2_REVIEW</PROJECT>
     <NODE_UUID>1PXvPjhYHt6VuIE3njWxWA==</NODE_UUID>
     <NODE_UUID_PA>1PXvPjhYHt6VuIE3njWRWA==</NODE_UUID_PA>
     <PLUGIN_PA>/IWBEP/CORE</PLUGIN_PA>
     <NODE_TYPE_PA>PROJ</NODE_TYPE_PA>
     <TECHNICAL_NAME>ZC23_EX2_REVIEW_MDL</TECHNICAL_NAME>
     <VERSION>0001</VERSION>
     <MPC>ZCL_ZC23_EX2_REVIEW_MPC_EXT</MPC>
     <STATE_NS>S</STATE_NS>
     <VALUE_NS>ZC23_EX2_REVIEW_SRV</VALUE_NS>
    </_-IWBEP_-I_SBD_MD>
   </_-IWBEP_-I_SBD_MD>
   <_-IWBEP_-I_SBD_MDT>
    <_-IWBEP_-I_SBD_MDT>
     <SYLANGU>E</SYLANGU>
     <PROJECT>ZC23_EX2_REVIEW</PROJECT>
     <NODE_UUID>1PXvPjhYHt6VuIE3njWxWA==</NODE_UUID>
    </_-IWBEP_-I_SBD_MDT>
   </_-IWBEP_-I_SBD_MDT>
   <_-IWBEP_-I_SBD_NOI>
    <_-IWBEP_-I_SBD_NOI>
     <PROJECT>ZC23_EX2_REVIEW</PROJECT>
     <NODE_UUID>1PXvPjhYHt6VuIE3njWRWA==</NODE_UUID>
    </_-IWBEP_-I_SBD_NOI>
    <_-IWBEP_-I_SBD_NOI>
     <PROJECT>ZC23_EX2_REVIEW</PROJECT>
     <NODE_UUID>1PXvPjhYHt6VuIE3njWxWA==</NODE_UUID>
    </_-IWBEP_-I_SBD_NOI>
    <_-IWBEP_-I_SBD_NOI>
     <PROJECT>ZC23_EX2_REVIEW</PROJECT>
     <NODE_UUID>1PXvPjhYHt6VuIE3njXRWA==</NODE_UUID>
    </_-IWBEP_-I_SBD_NOI>
    <_-IWBEP_-I_SBD_NOI>
     <PROJECT>ZC23_EX2_REVIEW</PROJECT>
     <NODE_UUID>1PXvPjhYHt6VuIE3njXxWA==</NODE_UUID>
    </_-IWBEP_-I_SBD_NOI>
    <_-IWBEP_-I_SBD_NOI>
     <PROJECT>ZC23_EX2_REVIEW</PROJECT>
     <NODE_UUID>1PXvPjhYHt6VuIThvgIRgg==</NODE_UUID>
    </_-IWBEP_-I_SBD_NOI>
    <_-IWBEP_-I_SBD_NOI>
     <PROJECT>ZC23_EX2_REVIEW</PROJECT>
     <NODE_UUID>1PXvPjhYHt6VuImA0yNRgg==</NODE_UUID>
     <TYPE>DASO</TYPE>
     <NAME>D4F5EF3E38581EDE95B884E1BE021182SFLIGHT</NAME>
    </_-IWBEP_-I_SBD_NOI>
    <_-IWBEP_-I_SBD_NOI>
     <PROJECT>ZC23_EX2_REVIEW</PROJECT>
     <NODE_UUID>1PXvPjhYHt6VuImA0yNxgg==</NODE_UUID>
     <TYPE>DASO</TYPE>
     <NAME>D4F5EF3E38581EDE95B884E1BE021182SFLIGHT\CARRID</NAME>
    </_-IWBEP_-I_SBD_NOI>
    <_-IWBEP_-I_SBD_NOI>
     <PROJECT>ZC23_EX2_REVIEW</PROJECT>
     <NODE_UUID>1PXvPjhYHt6VuImA0yORgg==</NODE_UUID>
     <TYPE>DASO</TYPE>
     <NAME>D4F5EF3E38581EDE95B884E1BE021182SFLIGHT\CONNID</NAME>
    </_-IWBEP_-I_SBD_NOI>
    <_-IWBEP_-I_SBD_NOI>
     <PROJECT>ZC23_EX2_REVIEW</PROJECT>
     <NODE_UUID>1PXvPjhYHt6VuImA0yOxgg==</NODE_UUID>
     <TYPE>DASO</TYPE>
     <NAME>D4F5EF3E38581EDE95B884E1BE021182SFLIGHT\FLDATE</NAME>
    </_-IWBEP_-I_SBD_NOI>
    <_-IWBEP_-I_SBD_NOI>
     <PROJECT>ZC23_EX2_REVIEW</PROJECT>
     <NODE_UUID>1PXvPjhYHt6VuImA0yPRgg==</NODE_UUID>
     <TYPE>DASO</TYPE>
     <NAME>D4F5EF3E38581EDE95B884E1BE021182SFLIGHT\PRICE</NAME>
    </_-IWBEP_-I_SBD_NOI>
    <_-IWBEP_-I_SBD_NOI>
     <PROJECT>ZC23_EX2_REVIEW</PROJECT>
     <NODE_UUID>1PXvPjhYHt6VuImA0yPxgg==</NODE_UUID>
     <TYPE>DASO</TYPE>
     <NAME>D4F5EF3E38581EDE95B884E1BE021182SFLIGHT\CURRENCY</NAME>
    </_-IWBEP_-I_SBD_NOI>
    <_-IWBEP_-I_SBD_NOI>
     <PROJECT>ZC23_EX2_REVIEW</PROJECT>
     <NODE_UUID>1PXvPjhYHt6VuImA0yQRgg==</NODE_UUID>
     <TYPE>DASO</TYPE>
     <NAME>D4F5EF3E38581EDE95B884E1BE021182SFLIGHT\PLANETYPE</NAME>
    </_-IWBEP_-I_SBD_NOI>
    <_-IWBEP_-I_SBD_NOI>
     <PROJECT>ZC23_EX2_REVIEW</PROJECT>
     <NODE_UUID>1PXvPjhYHt6VuImA0yQxgg==</NODE_UUID>
     <TYPE>DASO</TYPE>
     <NAME>D4F5EF3E38581EDE95B884E1BE021182SFLIGHT\SEATSMAX</NAME>
    </_-IWBEP_-I_SBD_NOI>
    <_-IWBEP_-I_SBD_NOI>
     <PROJECT>ZC23_EX2_REVIEW</PROJECT>
     <NODE_UUID>1PXvPjhYHt6VuImA0yRRgg==</NODE_UUID>
     <TYPE>DASO</TYPE>
     <NAME>D4F5EF3E38581EDE95B884E1BE021182SFLIGHT\SEATSOCC</NAME>
    </_-IWBEP_-I_SBD_NOI>
    <_-IWBEP_-I_SBD_NOI>
     <PROJECT>ZC23_EX2_REVIEW</PROJECT>
     <NODE_UUID>1PXvPjhYHt6VuImA0yRxgg==</NODE_UUID>
     <TYPE>DASO</TYPE>
     <NAME>D4F5EF3E38581EDE95B884E1BE021182SFLIGHT\PAYMENTSUM</NAME>
    </_-IWBEP_-I_SBD_NOI>
    <_-IWBEP_-I_SBD_NOI>
     <PROJECT>ZC23_EX2_REVIEW</PROJECT>
     <NODE_UUID>1PXvPjhYHt6VuImA0ySRgg==</NODE_UUID>
     <TYPE>DASO</TYPE>
     <NAME>D4F5EF3E38581EDE95B884E1BE021182SFLIGHT\SEATSMAX_B</NAME>
    </_-IWBEP_-I_SBD_NOI>
    <_-IWBEP_-I_SBD_NOI>
     <PROJECT>ZC23_EX2_REVIEW</PROJECT>
     <NODE_UUID>1PXvPjhYHt6VuImA0ySxgg==</NODE_UUID>
     <TYPE>DASO</TYPE>
     <NAME>D4F5EF3E38581EDE95B884E1BE021182SFLIGHT\SEATSOCC_B</NAME>
    </_-IWBEP_-I_SBD_NOI>
    <_-IWBEP_-I_SBD_NOI>
     <PROJECT>ZC23_EX2_REVIEW</PROJECT>
     <NODE_UUID>1PXvPjhYHt6VuImA0yTRgg==</NODE_UUID>
     <TYPE>DASO</TYPE>
     <NAME>D4F5EF3E38581EDE95B884E1BE021182SFLIGHT\SEATSMAX_F</NAME>
    </_-IWBEP_-I_SBD_NOI>
    <_-IWBEP_-I_SBD_NOI>
     <PROJECT>ZC23_EX2_REVIEW</PROJECT>
     <NODE_UUID>1PXvPjhYHt6VuImA0yTxgg==</NODE_UUID>
     <TYPE>DASO</TYPE>
     <NAME>D4F5EF3E38581EDE95B884E1BE021182SFLIGHT\SEATSOCC_F</NAME>
    </_-IWBEP_-I_SBD_NOI>
    <_-IWBEP_-I_SBD_NOI>
     <PROJECT>ZC23_EX2_REVIEW</PROJECT>
     <NODE_UUID>1PXvPjhYHt6VuImA0yURgg==</NODE_UUID>
    </_-IWBEP_-I_SBD_NOI>
    <_-IWBEP_-I_SBD_NOI>
     <PROJECT>ZC23_EX2_REVIEW</PROJECT>
     <NODE_UUID>1PXvPjhYHt6VuImA0yUxgg==</NODE_UUID>
    </_-IWBEP_-I_SBD_NOI>
    <_-IWBEP_-I_SBD_NOI>
     <PROJECT>ZC23_EX2_REVIEW</PROJECT>
     <NODE_UUID>1PXvPjhYHt6VuImA0yVRgg==</NODE_UUID>
    </_-IWBEP_-I_SBD_NOI>
    <_-IWBEP_-I_SBD_NOI>
     <PROJECT>ZC23_EX2_REVIEW</PROJECT>
     <NODE_UUID>1PXvPjhYHt6VuImA0yVxgg==</NODE_UUID>
    </_-IWBEP_-I_SBD_NOI>
    <_-IWBEP_-I_SBD_NOI>
     <PROJECT>ZC23_EX2_REVIEW</PROJECT>
     <NODE_UUID>1PXvPjhYHt6VuImA0yWRgg==</NODE_UUID>
    </_-IWBEP_-I_SBD_NOI>
    <_-IWBEP_-I_SBD_NOI>
     <PROJECT>ZC23_EX2_REVIEW</PROJECT>
     <NODE_UUID>1PXvPjhYHt6VuImA0yWxgg==</NODE_UUID>
    </_-IWBEP_-I_SBD_NOI>
    <_-IWBEP_-I_SBD_NOI>
     <PROJECT>ZC23_EX2_REVIEW</PROJECT>
     <NODE_UUID>1PXvPjhYHt6VuImA0yXRgg==</NODE_UUID>
    </_-IWBEP_-I_SBD_NOI>
    <_-IWBEP_-I_SBD_NOI>
     <PROJECT>ZC23_EX2_REVIEW</PROJECT>
     <NODE_UUID>1PXvPjhYHt6VuIqu2W1Rgg==</NODE_UUID>
    </_-IWBEP_-I_SBD_NOI>
    <_-IWBEP_-I_SBD_NOI>
     <PROJECT>ZC23_EX2_REVIEW</PROJECT>
     <NODE_UUID>1PXvPjhYHt6VuI3idcExhA==</NODE_UUID>
     <TYPE>DASO</TYPE>
     <NAME>D4F5EF3E38581EDE95B88AAED96D5182SPFLI</NAME>
    </_-IWBEP_-I_SBD_NOI>
    <_-IWBEP_-I_SBD_NOI>
     <PROJECT>ZC23_EX2_REVIEW</PROJECT>
     <NODE_UUID>1PXvPjhYHt6VuI3idcFRhA==</NODE_UUID>
     <TYPE>DASO</TYPE>
     <NAME>D4F5EF3E38581EDE95B88AAED96D5182SPFLI\CARRID</NAME>
    </_-IWBEP_-I_SBD_NOI>
    <_-IWBEP_-I_SBD_NOI>
     <PROJECT>ZC23_EX2_REVIEW</PROJECT>
     <NODE_UUID>1PXvPjhYHt6VuI3idcFxhA==</NODE_UUID>
     <TYPE>DASO</TYPE>
     <NAME>D4F5EF3E38581EDE95B88AAED96D5182SPFLI\CONNID</NAME>
    </_-IWBEP_-I_SBD_NOI>
    <_-IWBEP_-I_SBD_NOI>
     <PROJECT>ZC23_EX2_REVIEW</PROJECT>
     <NODE_UUID>1PXvPjhYHt6VuI3idcGRhA==</NODE_UUID>
     <TYPE>DASO</TYPE>
     <NAME>D4F5EF3E38581EDE95B88AAED96D5182SPFLI\COUNTRYFR</NAME>
    </_-IWBEP_-I_SBD_NOI>
    <_-IWBEP_-I_SBD_NOI>
     <PROJECT>ZC23_EX2_REVIEW</PROJECT>
     <NODE_UUID>1PXvPjhYHt6VuI3idcGxhA==</NODE_UUID>
     <TYPE>DASO</TYPE>
     <NAME>D4F5EF3E38581EDE95B88AAED96D5182SPFLI\CITYFROM</NAME>
    </_-IWBEP_-I_SBD_NOI>
    <_-IWBEP_-I_SBD_NOI>
     <PROJECT>ZC23_EX2_REVIEW</PROJECT>
     <NODE_UUID>1PXvPjhYHt6VuI3idcHRhA==</NODE_UUID>
     <TYPE>DASO</TYPE>
     <NAME>D4F5EF3E38581EDE95B88AAED96D5182SPFLI\AIRPFROM</NAME>
    </_-IWBEP_-I_SBD_NOI>
    <_-IWBEP_-I_SBD_NOI>
     <PROJECT>ZC23_EX2_REVIEW</PROJECT>
     <NODE_UUID>1PXvPjhYHt6VuI3idcHxhA==</NODE_UUID>
     <TYPE>DASO</TYPE>
     <NAME>D4F5EF3E38581EDE95B88AAED96D5182SPFLI\COUNTRYTO</NAME>
    </_-IWBEP_-I_SBD_NOI>
    <_-IWBEP_-I_SBD_NOI>
     <PROJECT>ZC23_EX2_REVIEW</PROJECT>
     <NODE_UUID>1PXvPjhYHt6VuI3idcIRhA==</NODE_UUID>
     <TYPE>DASO</TYPE>
     <NAME>D4F5EF3E38581EDE95B88AAED96D5182SPFLI\CITYTO</NAME>
    </_-IWBEP_-I_SBD_NOI>
    <_-IWBEP_-I_SBD_NOI>
     <PROJECT>ZC23_EX2_REVIEW</PROJECT>
     <NODE_UUID>1PXvPjhYHt6VuI3idcIxhA==</NODE_UUID>
     <TYPE>DASO</TYPE>
     <NAME>D4F5EF3E38581EDE95B88AAED96D5182SPFLI\AIRPTO</NAME>
    </_-IWBEP_-I_SBD_NOI>
    <_-IWBEP_-I_SBD_NOI>
     <PROJECT>ZC23_EX2_REVIEW</PROJECT>
     <NODE_UUID>1PXvPjhYHt6VuI3idcJRhA==</NODE_UUID>
     <TYPE>DASO</TYPE>
     <NAME>D4F5EF3E38581EDE95B88AAED96D5182SPFLI\FLTIME</NAME>
    </_-IWBEP_-I_SBD_NOI>
    <_-IWBEP_-I_SBD_NOI>
     <PROJECT>ZC23_EX2_REVIEW</PROJECT>
     <NODE_UUID>1PXvPjhYHt6VuI3idcJxhA==</NODE_UUID>
     <TYPE>DASO</TYPE>
     <NAME>D4F5EF3E38581EDE95B88AAED96D5182SPFLI\DEPTIME</NAME>
    </_-IWBEP_-I_SBD_NOI>
    <_-IWBEP_-I_SBD_NOI>
     <PROJECT>ZC23_EX2_REVIEW</PROJECT>
     <NODE_UUID>1PXvPjhYHt6VuI3idcKRhA==</NODE_UUID>
     <TYPE>DASO</TYPE>
     <NAME>D4F5EF3E38581EDE95B88AAED96D5182SPFLI\ARRTIME</NAME>
    </_-IWBEP_-I_SBD_NOI>
    <_-IWBEP_-I_SBD_NOI>
     <PROJECT>ZC23_EX2_REVIEW</PROJECT>
     <NODE_UUID>1PXvPjhYHt6VuI3idcKxhA==</NODE_UUID>
     <TYPE>DASO</TYPE>
     <NAME>D4F5EF3E38581EDE95B88AAED96D5182SPFLI\DISTANCE</NAME>
    </_-IWBEP_-I_SBD_NOI>
    <_-IWBEP_-I_SBD_NOI>
     <PROJECT>ZC23_EX2_REVIEW</PROJECT>
     <NODE_UUID>1PXvPjhYHt6VuI3idcLRhA==</NODE_UUID>
     <TYPE>DASO</TYPE>
     <NAME>D4F5EF3E38581EDE95B88AAED96D5182SPFLI\DISTID</NAME>
    </_-IWBEP_-I_SBD_NOI>
    <_-IWBEP_-I_SBD_NOI>
     <PROJECT>ZC23_EX2_REVIEW</PROJECT>
     <NODE_UUID>1PXvPjhYHt6VuI3idcLxhA==</NODE_UUID>
     <TYPE>DASO</TYPE>
     <NAME>D4F5EF3E38581EDE95B88AAED96D5182SPFLI\FLTYPE</NAME>
    </_-IWBEP_-I_SBD_NOI>
    <_-IWBEP_-I_SBD_NOI>
     <PROJECT>ZC23_EX2_REVIEW</PROJECT>
     <NODE_UUID>1PXvPjhYHt6VuI3idcMRhA==</NODE_UUID>
     <TYPE>DASO</TYPE>
     <NAME>D4F5EF3E38581EDE95B88AAED96D5182SPFLI\PERIOD</NAME>
    </_-IWBEP_-I_SBD_NOI>
    <_-IWBEP_-I_SBD_NOI>
     <PROJECT>ZC23_EX2_REVIEW</PROJECT>
     <NODE_UUID>1PXvPjhYHt6VuI3idcMxhA==</NODE_UUID>
    </_-IWBEP_-I_SBD_NOI>
    <_-IWBEP_-I_SBD_NOI>
     <PROJECT>ZC23_EX2_REVIEW</PROJECT>
     <NODE_UUID>1PXvPjhYHt6VuI3idcNRhA==</NODE_UUID>
    </_-IWBEP_-I_SBD_NOI>
    <_-IWBEP_-I_SBD_NOI>
     <PROJECT>ZC23_EX2_REVIEW</PROJECT>
     <NODE_UUID>1PXvPjhYHt6VuI3idcNxhA==</NODE_UUID>
    </_-IWBEP_-I_SBD_NOI>
    <_-IWBEP_-I_SBD_NOI>
     <PROJECT>ZC23_EX2_REVIEW</PROJECT>
     <NODE_UUID>1PXvPjhYHt6VuI3idcORhA==</NODE_UUID>
    </_-IWBEP_-I_SBD_NOI>
    <_-IWBEP_-I_SBD_NOI>
     <PROJECT>ZC23_EX2_REVIEW</PROJECT>
     <NODE_UUID>1PXvPjhYHt6VuI3idcOxhA==</NODE_UUID>
    </_-IWBEP_-I_SBD_NOI>
    <_-IWBEP_-I_SBD_NOI>
     <PROJECT>ZC23_EX2_REVIEW</PROJECT>
     <NODE_UUID>1PXvPjhYHt6VuI3idcPRhA==</NODE_UUID>
    </_-IWBEP_-I_SBD_NOI>
    <_-IWBEP_-I_SBD_NOI>
     <PROJECT>ZC23_EX2_REVIEW</PROJECT>
     <NODE_UUID>1PXvPjhYHt6VuI3idcPxhA==</NODE_UUID>
    </_-IWBEP_-I_SBD_NOI>
    <_-IWBEP_-I_SBD_NOI>
     <PROJECT>ZC23_EX2_REVIEW</PROJECT>
     <NODE_UUID>1PXvPjhYHt6VuJsTUCaxrg==</NODE_UUID>
    </_-IWBEP_-I_SBD_NOI>
    <_-IWBEP_-I_SBD_NOI>
     <PROJECT>ZC23_EX2_REVIEW</PROJECT>
     <NODE_UUID>1PXvPjhYHt6VuJsTUCbRrg==</NODE_UUID>
    </_-IWBEP_-I_SBD_NOI>
    <_-IWBEP_-I_SBD_NOI>
     <PROJECT>ZC23_EX2_REVIEW</PROJECT>
     <NODE_UUID>1PXvPjhYHt6VuJsTUCbxrg==</NODE_UUID>
    </_-IWBEP_-I_SBD_NOI>
    <_-IWBEP_-I_SBD_NOI>
     <PROJECT>ZC23_EX2_REVIEW</PROJECT>
     <NODE_UUID>1PXvPjhYHt6VuJzaTI0RsA==</NODE_UUID>
    </_-IWBEP_-I_SBD_NOI>
    <_-IWBEP_-I_SBD_NOI>
     <PROJECT>ZC23_EX2_REVIEW</PROJECT>
     <NODE_UUID>1PXvPjhYHt6VuJzaTI0xsA==</NODE_UUID>
    </_-IWBEP_-I_SBD_NOI>
    <_-IWBEP_-I_SBD_NOI>
     <PROJECT>ZC23_EX2_REVIEW</PROJECT>
     <NODE_UUID>1PXvPjhYHt6VuKVE9i8RtQ==</NODE_UUID>
    </_-IWBEP_-I_SBD_NOI>
    <_-IWBEP_-I_SBD_NOI>
     <PROJECT>ZC23_EX2_REVIEW</PROJECT>
     <NODE_UUID>1PXvPjhYHt6VuKtPuYbRtw==</NODE_UUID>
    </_-IWBEP_-I_SBD_NOI>
    <_-IWBEP_-I_SBD_NOI>
     <PROJECT>ZC23_EX2_REVIEW</PROJECT>
     <NODE_UUID>1PXvPjhYHt6VuKt2af6Rtw==</NODE_UUID>
    </_-IWBEP_-I_SBD_NOI>
    <_-IWBEP_-I_SBD_NOI>
     <PROJECT>ZC23_EX2_REVIEW</PROJECT>
     <NODE_UUID>1PXvPjhYHt6VuKt2af6xtw==</NODE_UUID>
    </_-IWBEP_-I_SBD_NOI>
    <_-IWBEP_-I_SBD_NOI>
     <PROJECT>ZC23_EX2_REVIEW</PROJECT>
     <NODE_UUID>1PXvPjhYHt6VuKt2af7Rtw==</NODE_UUID>
    </_-IWBEP_-I_SBD_NOI>
    <_-IWBEP_-I_SBD_NOI>
     <PROJECT>ZC23_EX2_REVIEW</PROJECT>
     <NODE_UUID>1PXvPjhYHt6VuKt2af7xtw==</NODE_UUID>
    </_-IWBEP_-I_SBD_NOI>
    <_-IWBEP_-I_SBD_NOI>
     <PROJECT>ZC23_EX2_REVIEW</PROJECT>
     <NODE_UUID>1PXvPjhYHt6VuKt2af8Rtw==</NODE_UUID>
    </_-IWBEP_-I_SBD_NOI>
    <_-IWBEP_-I_SBD_NOI>
     <PROJECT>ZC23_EX2_REVIEW</PROJECT>
     <NODE_UUID>1PXvPjhYHt6VuKt2af8xtw==</NODE_UUID>
    </_-IWBEP_-I_SBD_NOI>
   </_-IWBEP_-I_SBD_NOI>
   <_-IWBEP_-I_SBD_OP>
    <_-IWBEP_-I_SBD_OP>
     <PROJECT>ZC23_EX2_REVIEW</PROJECT>
     <NODE_UUID>1PXvPjhYHt6VuImA0yVRgg==</NODE_UUID>
     <PARENT_UUID>1PXvPjhYHt6VuImA0yUxgg==</PARENT_UUID>
     <NAME>Create</NAME>
     <OPERATION_TYPE>C</OPERATION_TYPE>
     <IMP_METHOD>FLIGHTSET_CREATE_ENTITY</IMP_METHOD>
    </_-IWBEP_-I_SBD_OP>
    <_-IWBEP_-I_SBD_OP>
     <PROJECT>ZC23_EX2_REVIEW</PROJECT>
     <NODE_UUID>1PXvPjhYHt6VuImA0yVxgg==</NODE_UUID>
     <PARENT_UUID>1PXvPjhYHt6VuImA0yUxgg==</PARENT_UUID>
     <NAME>GetEntity (Read)</NAME>
     <OPERATION_TYPE>R</OPERATION_TYPE>
     <IMP_METHOD>FLIGHTSET_GET_ENTITY</IMP_METHOD>
    </_-IWBEP_-I_SBD_OP>
    <_-IWBEP_-I_SBD_OP>
     <PROJECT>ZC23_EX2_REVIEW</PROJECT>
     <NODE_UUID>1PXvPjhYHt6VuImA0yWRgg==</NODE_UUID>
     <PARENT_UUID>1PXvPjhYHt6VuImA0yUxgg==</PARENT_UUID>
     <NAME>Update</NAME>
     <OPERATION_TYPE>U</OPERATION_TYPE>
     <IMP_METHOD>FLIGHTSET_UPDATE_ENTITY</IMP_METHOD>
    </_-IWBEP_-I_SBD_OP>
    <_-IWBEP_-I_SBD_OP>
     <PROJECT>ZC23_EX2_REVIEW</PROJECT>
     <NODE_UUID>1PXvPjhYHt6VuImA0yWxgg==</NODE_UUID>
     <PARENT_UUID>1PXvPjhYHt6VuImA0yUxgg==</PARENT_UUID>
     <NAME>Delete</NAME>
     <OPERATION_TYPE>D</OPERATION_TYPE>
     <IMP_METHOD>FLIGHTSET_DELETE_ENTITY</IMP_METHOD>
    </_-IWBEP_-I_SBD_OP>
    <_-IWBEP_-I_SBD_OP>
     <PROJECT>ZC23_EX2_REVIEW</PROJECT>
     <NODE_UUID>1PXvPjhYHt6VuImA0yXRgg==</NODE_UUID>
     <PARENT_UUID>1PXvPjhYHt6VuImA0yUxgg==</PARENT_UUID>
     <NAME>GetEntitySet (Query)</NAME>
     <OPERATION_TYPE>Q</OPERATION_TYPE>
     <IMP_METHOD>FLIGHTSET_GET_ENTITYSET</IMP_METHOD>
    </_-IWBEP_-I_SBD_OP>
    <_-IWBEP_-I_SBD_OP>
     <PROJECT>ZC23_EX2_REVIEW</PROJECT>
     <NODE_UUID>1PXvPjhYHt6VuI3idcNxhA==</NODE_UUID>
     <PARENT_UUID>1PXvPjhYHt6VuI3idcNRhA==</PARENT_UUID>
     <NAME>Create</NAME>
     <OPERATION_TYPE>C</OPERATION_TYPE>
     <IMP_METHOD>CONNECTIONSET_CREATE_ENTITY</IMP_METHOD>
    </_-IWBEP_-I_SBD_OP>
    <_-IWBEP_-I_SBD_OP>
     <PROJECT>ZC23_EX2_REVIEW</PROJECT>
     <NODE_UUID>1PXvPjhYHt6VuI3idcORhA==</NODE_UUID>
     <PARENT_UUID>1PXvPjhYHt6VuI3idcNRhA==</PARENT_UUID>
     <NAME>GetEntity (Read)</NAME>
     <OPERATION_TYPE>R</OPERATION_TYPE>
     <IMP_METHOD>CONNECTIONSET_GET_ENTITY</IMP_METHOD>
    </_-IWBEP_-I_SBD_OP>
    <_-IWBEP_-I_SBD_OP>
     <PROJECT>ZC23_EX2_REVIEW</PROJECT>
     <NODE_UUID>1PXvPjhYHt6VuI3idcOxhA==</NODE_UUID>
     <PARENT_UUID>1PXvPjhYHt6VuI3idcNRhA==</PARENT_UUID>
     <NAME>Update</NAME>
     <OPERATION_TYPE>U</OPERATION_TYPE>
     <IMP_METHOD>CONNECTIONSET_UPDATE_ENTITY</IMP_METHOD>
    </_-IWBEP_-I_SBD_OP>
    <_-IWBEP_-I_SBD_OP>
     <PROJECT>ZC23_EX2_REVIEW</PROJECT>
     <NODE_UUID>1PXvPjhYHt6VuI3idcPRhA==</NODE_UUID>
     <PARENT_UUID>1PXvPjhYHt6VuI3idcNRhA==</PARENT_UUID>
     <NAME>Delete</NAME>
     <OPERATION_TYPE>D</OPERATION_TYPE>
     <IMP_METHOD>CONNECTIONSET_DELETE_ENTITY</IMP_METHOD>
    </_-IWBEP_-I_SBD_OP>
    <_-IWBEP_-I_SBD_OP>
     <PROJECT>ZC23_EX2_REVIEW</PROJECT>
     <NODE_UUID>1PXvPjhYHt6VuI3idcPxhA==</NODE_UUID>
     <PARENT_UUID>1PXvPjhYHt6VuI3idcNRhA==</PARENT_UUID>
     <NAME>GetEntitySet (Query)</NAME>
     <OPERATION_TYPE>Q</OPERATION_TYPE>
     <IMP_METHOD>CONNECTIONSET_GET_ENTITYSET</IMP_METHOD>
    </_-IWBEP_-I_SBD_OP>
   </_-IWBEP_-I_SBD_OP>
   <_-IWBEP_-I_SBD_OPT>
    <_-IWBEP_-I_SBD_OPT>
     <SYLANGU>E</SYLANGU>
     <PROJECT>ZC23_EX2_REVIEW</PROJECT>
     <NODE_UUID>1PXvPjhYHt6VuImA0yVRgg==</NODE_UUID>
    </_-IWBEP_-I_SBD_OPT>
    <_-IWBEP_-I_SBD_OPT>
     <SYLANGU>E</SYLANGU>
     <PROJECT>ZC23_EX2_REVIEW</PROJECT>
     <NODE_UUID>1PXvPjhYHt6VuImA0yVxgg==</NODE_UUID>
    </_-IWBEP_-I_SBD_OPT>
    <_-IWBEP_-I_SBD_OPT>
     <SYLANGU>E</SYLANGU>
     <PROJECT>ZC23_EX2_REVIEW</PROJECT>
     <NODE_UUID>1PXvPjhYHt6VuImA0yWRgg==</NODE_UUID>
    </_-IWBEP_-I_SBD_OPT>
    <_-IWBEP_-I_SBD_OPT>
     <SYLANGU>E</SYLANGU>
     <PROJECT>ZC23_EX2_REVIEW</PROJECT>
     <NODE_UUID>1PXvPjhYHt6VuImA0yWxgg==</NODE_UUID>
    </_-IWBEP_-I_SBD_OPT>
    <_-IWBEP_-I_SBD_OPT>
     <SYLANGU>E</SYLANGU>
     <PROJECT>ZC23_EX2_REVIEW</PROJECT>
     <NODE_UUID>1PXvPjhYHt6VuImA0yXRgg==</NODE_UUID>
    </_-IWBEP_-I_SBD_OPT>
    <_-IWBEP_-I_SBD_OPT>
     <SYLANGU>E</SYLANGU>
     <PROJECT>ZC23_EX2_REVIEW</PROJECT>
     <NODE_UUID>1PXvPjhYHt6VuI3idcNxhA==</NODE_UUID>
    </_-IWBEP_-I_SBD_OPT>
    <_-IWBEP_-I_SBD_OPT>
     <SYLANGU>E</SYLANGU>
     <PROJECT>ZC23_EX2_REVIEW</PROJECT>
     <NODE_UUID>1PXvPjhYHt6VuI3idcORhA==</NODE_UUID>
    </_-IWBEP_-I_SBD_OPT>
    <_-IWBEP_-I_SBD_OPT>
     <SYLANGU>E</SYLANGU>
     <PROJECT>ZC23_EX2_REVIEW</PROJECT>
     <NODE_UUID>1PXvPjhYHt6VuI3idcOxhA==</NODE_UUID>
    </_-IWBEP_-I_SBD_OPT>
    <_-IWBEP_-I_SBD_OPT>
     <SYLANGU>E</SYLANGU>
     <PROJECT>ZC23_EX2_REVIEW</PROJECT>
     <NODE_UUID>1PXvPjhYHt6VuI3idcPRhA==</NODE_UUID>
    </_-IWBEP_-I_SBD_OPT>
    <_-IWBEP_-I_SBD_OPT>
     <SYLANGU>E</SYLANGU>
     <PROJECT>ZC23_EX2_REVIEW</PROJECT>
     <NODE_UUID>1PXvPjhYHt6VuI3idcPxhA==</NODE_UUID>
    </_-IWBEP_-I_SBD_OPT>
   </_-IWBEP_-I_SBD_OPT>
   <_-IWBEP_-I_SBD_PR>
    <_-IWBEP_-I_SBD_PR>
     <PROJECT>ZC23_EX2_REVIEW</PROJECT>
     <NODE_UUID>1PXvPjhYHt6VuIE3njWRWA==</NODE_UUID>
     <CREATION_USER_ID>SNC-23</CREATION_USER_ID>
     <CREATION_TIME>20230918013816.03947</CREATION_TIME>
     <LAST_CHG_USER_ID>SNC-23</LAST_CHG_USER_ID>
     <LAST_CHG_TIME>20230918061356.805663</LAST_CHG_TIME>
     <LAST_CHG_STATE>1PXvPjhYHt6VvVF+AJ7bcA==</LAST_CHG_STATE>
     <PLUGIN>/IWBEP/GEN</PLUGIN>
     <STRAT_NAME>0001</STRAT_NAME>
     <STRAT_VERSION>0001</STRAT_VERSION>
     <PROJECT_TYPE>1</PROJECT_TYPE>
    </_-IWBEP_-I_SBD_PR>
   </_-IWBEP_-I_SBD_PR>
   <_-IWBEP_-I_SBD_PRT>
    <_-IWBEP_-I_SBD_PRT>
     <PROJECT>ZC23_EX2_REVIEW</PROJECT>
     <SYLANGU>E</SYLANGU>
     <DESCRIPTION>SYNC SAPUI5 실습평가 2번 리뷰</DESCRIPTION>
    </_-IWBEP_-I_SBD_PRT>
   </_-IWBEP_-I_SBD_PRT>
   <_-IWBEP_-I_SBD_SE>
    <_-IWBEP_-I_SBD_SE>
     <PROJECT>ZC23_EX2_REVIEW</PROJECT>
     <NODE_UUID>1PXvPjhYHt6VuImA0yUxgg==</NODE_UUID>
     <PARENT_UUID>1PXvPjhYHt6VuIE3njXRWA==</PARENT_UUID>
     <NAME>FlightSet</NAME>
     <ENTITY_SET_UUID>1PXvPjhYHt6VuImA0yURgg==</ENTITY_SET_UUID>
    </_-IWBEP_-I_SBD_SE>
    <_-IWBEP_-I_SBD_SE>
     <PROJECT>ZC23_EX2_REVIEW</PROJECT>
     <NODE_UUID>1PXvPjhYHt6VuI3idcNRhA==</NODE_UUID>
     <PARENT_UUID>1PXvPjhYHt6VuIE3njXRWA==</PARENT_UUID>
     <NAME>ConnectionSet</NAME>
     <ENTITY_SET_UUID>1PXvPjhYHt6VuI3idcMxhA==</ENTITY_SET_UUID>
    </_-IWBEP_-I_SBD_SE>
   </_-IWBEP_-I_SBD_SE>
   <_-IWBEP_-I_SBD_SET>
    <_-IWBEP_-I_SBD_SET>
     <SYLANGU>E</SYLANGU>
     <PROJECT>ZC23_EX2_REVIEW</PROJECT>
     <NODE_UUID>1PXvPjhYHt6VuImA0yUxgg==</NODE_UUID>
    </_-IWBEP_-I_SBD_SET>
    <_-IWBEP_-I_SBD_SET>
     <SYLANGU>E</SYLANGU>
     <PROJECT>ZC23_EX2_REVIEW</PROJECT>
     <NODE_UUID>1PXvPjhYHt6VuI3idcNRhA==</NODE_UUID>
    </_-IWBEP_-I_SBD_SET>
   </_-IWBEP_-I_SBD_SET>
   <_-IWBEP_-I_SBD_SV>
    <_-IWBEP_-I_SBD_SV>
     <PROJECT>ZC23_EX2_REVIEW</PROJECT>
     <NODE_UUID>1PXvPjhYHt6VuIE3njXRWA==</NODE_UUID>
     <TECHNICAL_NAME>ZC23_EX2_REVIEW_SRV</TECHNICAL_NAME>
     <VERSION>0001</VERSION>
     <DPC>ZCL_ZC23_EX2_REVIEW_DPC_EXT</DPC>
     <EXTERNAL_NAME>ZC23_EX2_REVIEW_SRV</EXTERNAL_NAME>
    </_-IWBEP_-I_SBD_SV>
   </_-IWBEP_-I_SBD_SV>
   <_-IWBEP_-I_SBD_SVT>
    <_-IWBEP_-I_SBD_SVT>
     <SYLANGU>E</SYLANGU>
     <PROJECT>ZC23_EX2_REVIEW</PROJECT>
     <NODE_UUID>1PXvPjhYHt6VuIE3njXRWA==</NODE_UUID>
    </_-IWBEP_-I_SBD_SVT>
   </_-IWBEP_-I_SBD_SVT>
   <_-IWBEP_-I_SBO_ASO>
    <_-IWBEP_-I_SBO_ASO>
     <PROJECT>ZC23_EX2_REVIEW</PROJECT>
     <NODE_UUID>1PXvPjhYHt6VuJsTUCaxrg==</NODE_UUID>
     <NAME>Carrier_Connection</NAME>
     <MODEL_GUID>1PXvPjhYHt6VuIE3njWxWA==</MODEL_GUID>
     <LEFT_END_GUID>1PXvPjhYHt6VuI3idcExhA==</LEFT_END_GUID>
     <RIGHT_END_GUID>1PXvPjhYHt6VuImA0yNRgg==</RIGHT_END_GUID>
     <LEFT_END_CARD>1</LEFT_END_CARD>
     <RIGHT_END_CARD>M</RIGHT_END_CARD>
     <REF_TYPE>T</REF_TYPE>
     <TXTR_XU>X</TXTR_XU>
     <DESCRIPTION_XU>X</DESCRIPTION_XU>
     <ASSOC_LABEL_XU>X</ASSOC_LABEL_XU>
    </_-IWBEP_-I_SBO_ASO>
   </_-IWBEP_-I_SBO_ASO>
   <_-IWBEP_-I_SBO_AST>
    <_-IWBEP_-I_SBO_AST>
     <SYLANGU>E</SYLANGU>
     <PROJECT>ZC23_EX2_REVIEW</PROJECT>
     <NODE_UUID>1PXvPjhYHt6VuJsTUCaxrg==</NODE_UUID>
    </_-IWBEP_-I_SBO_AST>
   </_-IWBEP_-I_SBO_AST>
   <_-IWBEP_-I_SBO_AT>
    <_-IWBEP_-I_SBO_AT>
     <PROJECT>ZC23_EX2_REVIEW</PROJECT>
     <NODE_UUID>1PXvPjhYHt6VuKVE9i8RtQ==</NODE_UUID>
     <NAME>Carrier_ConnectionSet</NAME>
     <MODEL_GUID>1PXvPjhYHt6VuIE3njWxWA==</MODEL_GUID>
     <LEFT_END_GUID>1PXvPjhYHt6VuI3idcMxhA==</LEFT_END_GUID>
     <RIGHT_END_GUID>1PXvPjhYHt6VuImA0yURgg==</RIGHT_END_GUID>
     <ASSOCIATION_GUID>1PXvPjhYHt6VuJsTUCaxrg==</ASSOCIATION_GUID>
     <REF_TYPE>T</REF_TYPE>
     <TXTR_XU>X</TXTR_XU>
     <DESCRIPTION_XU>X</DESCRIPTION_XU>
     <ASST_LABEL_XU>X</ASST_LABEL_XU>
    </_-IWBEP_-I_SBO_AT>
   </_-IWBEP_-I_SBO_AT>
   <_-IWBEP_-I_SBO_ATT>
    <_-IWBEP_-I_SBO_ATT>
     <SYLANGU>E</SYLANGU>
     <PROJECT>ZC23_EX2_REVIEW</PROJECT>
     <NODE_UUID>1PXvPjhYHt6VuKVE9i8RtQ==</NODE_UUID>
    </_-IWBEP_-I_SBO_ATT>
   </_-IWBEP_-I_SBO_ATT>
   <_-IWBEP_-I_SBO_ES>
    <_-IWBEP_-I_SBO_ES>
     <PROJECT>ZC23_EX2_REVIEW</PROJECT>
     <NODE_UUID>1PXvPjhYHt6VuImA0yURgg==</NODE_UUID>
     <MODEL>1PXvPjhYHt6VuIE3njWxWA==</MODEL>
     <NAME>FlightSet</NAME>
     <ENTITY_TYPE>1PXvPjhYHt6VuImA0yNRgg==</ENTITY_TYPE>
     <ADDRESSABLE>X</ADDRESSABLE>
     <REF_TYPE>T</REF_TYPE>
     <TECH_NAME>FLIGHTSET</TECH_NAME>
     <CREATABLE_XU>X</CREATABLE_XU>
     <UPDATABLE_XU>X</UPDATABLE_XU>
     <DELETABLE_XU>X</DELETABLE_XU>
     <PAGEABLE_XU>X</PAGEABLE_XU>
     <SEARCHABLE_XU>X</SEARCHABLE_XU>
     <SUBSCRIBABLE_XU>X</SUBSCRIBABLE_XU>
     <REQUIRES_FLT_XU>X</REQUIRES_FLT_XU>
     <SEMANTIC_XU>X</SEMANTIC_XU>
     <LABEL_REF_XU>X</LABEL_REF_XU>
     <DESCRIPTION_XU>X</DESCRIPTION_XU>
     <ESET_LABEL_XU>X</ESET_LABEL_XU>
     <IN_SERV_DOCU>X</IN_SERV_DOCU>
    </_-IWBEP_-I_SBO_ES>
    <_-IWBEP_-I_SBO_ES>
     <PROJECT>ZC23_EX2_REVIEW</PROJECT>
     <NODE_UUID>1PXvPjhYHt6VuI3idcMxhA==</NODE_UUID>
     <MODEL>1PXvPjhYHt6VuIE3njWxWA==</MODEL>
     <NAME>ConnectionSet</NAME>
     <ENTITY_TYPE>1PXvPjhYHt6VuI3idcExhA==</ENTITY_TYPE>
     <ADDRESSABLE>X</ADDRESSABLE>
     <REF_TYPE>T</REF_TYPE>
     <TECH_NAME>CONNECTIONSET</TECH_NAME>
     <CREATABLE_XU>X</CREATABLE_XU>
     <UPDATABLE_XU>X</UPDATABLE_XU>
     <DELETABLE_XU>X</DELETABLE_XU>
     <PAGEABLE_XU>X</PAGEABLE_XU>
     <SEARCHABLE_XU>X</SEARCHABLE_XU>
     <SUBSCRIBABLE_XU>X</SUBSCRIBABLE_XU>
     <REQUIRES_FLT_XU>X</REQUIRES_FLT_XU>
     <SEMANTIC_XU>X</SEMANTIC_XU>
     <LABEL_REF_XU>X</LABEL_REF_XU>
     <DESCRIPTION_XU>X</DESCRIPTION_XU>
     <ESET_LABEL_XU>X</ESET_LABEL_XU>
     <IN_SERV_DOCU>X</IN_SERV_DOCU>
    </_-IWBEP_-I_SBO_ES>
   </_-IWBEP_-I_SBO_ES>
   <_-IWBEP_-I_SBO_EST>
    <_-IWBEP_-I_SBO_EST>
     <SYLANGU>E</SYLANGU>
     <PROJECT>ZC23_EX2_REVIEW</PROJECT>
     <NODE_UUID>1PXvPjhYHt6VuImA0yURgg==</NODE_UUID>
    </_-IWBEP_-I_SBO_EST>
    <_-IWBEP_-I_SBO_EST>
     <SYLANGU>E</SYLANGU>
     <PROJECT>ZC23_EX2_REVIEW</PROJECT>
     <NODE_UUID>1PXvPjhYHt6VuI3idcMxhA==</NODE_UUID>
    </_-IWBEP_-I_SBO_EST>
   </_-IWBEP_-I_SBO_EST>
   <_-IWBEP_-I_SBO_ET>
    <_-IWBEP_-I_SBO_ET>
     <PROJECT>ZC23_EX2_REVIEW</PROJECT>
     <NODE_UUID>1PXvPjhYHt6VuImA0yNRgg==</NODE_UUID>
     <NAME>Flight</NAME>
     <MODEL>1PXvPjhYHt6VuIE3njWxWA==</MODEL>
     <REF_TYPE>T</REF_TYPE>
     <ABAP_STRUCT>SFLIGHT</ABAP_STRUCT>
     <TECH_NAME>FLIGHT</TECH_NAME>
     <BASE_TYPE_XU>X</BASE_TYPE_XU>
     <FC_TARGET_PATHXU>X</FC_TARGET_PATHXU>
     <TXTR_XU>X</TXTR_XU>
     <DESCRIPTION_XU>X</DESCRIPTION_XU>
     <ET_LABEL_XU>X</ET_LABEL_XU>
    </_-IWBEP_-I_SBO_ET>
    <_-IWBEP_-I_SBO_ET>
     <PROJECT>ZC23_EX2_REVIEW</PROJECT>
     <NODE_UUID>1PXvPjhYHt6VuI3idcExhA==</NODE_UUID>
     <NAME>Connection</NAME>
     <MODEL>1PXvPjhYHt6VuIE3njWxWA==</MODEL>
     <REF_TYPE>T</REF_TYPE>
     <ABAP_STRUCT>SPFLI</ABAP_STRUCT>
     <TECH_NAME>CONNECTION</TECH_NAME>
     <BASE_TYPE_XU>X</BASE_TYPE_XU>
     <FC_TARGET_PATHXU>X</FC_TARGET_PATHXU>
     <TXTR_XU>X</TXTR_XU>
     <DESCRIPTION_XU>X</DESCRIPTION_XU>
     <ET_LABEL_XU>X</ET_LABEL_XU>
    </_-IWBEP_-I_SBO_ET>
   </_-IWBEP_-I_SBO_ET>
   <_-IWBEP_-I_SBO_ETT>
    <_-IWBEP_-I_SBO_ETT>
     <SYLANGU>E</SYLANGU>
     <PROJECT>ZC23_EX2_REVIEW</PROJECT>
     <NODE_UUID>1PXvPjhYHt6VuImA0yNRgg==</NODE_UUID>
    </_-IWBEP_-I_SBO_ETT>
    <_-IWBEP_-I_SBO_ETT>
     <SYLANGU>E</SYLANGU>
     <PROJECT>ZC23_EX2_REVIEW</PROJECT>
     <NODE_UUID>1PXvPjhYHt6VuI3idcExhA==</NODE_UUID>
    </_-IWBEP_-I_SBO_ETT>
   </_-IWBEP_-I_SBO_ETT>
   <_-IWBEP_-I_SBO_NP>
    <_-IWBEP_-I_SBO_NP>
     <PROJECT>ZC23_EX2_REVIEW</PROJECT>
     <NODE_UUID>1PXvPjhYHt6VuJsTUCbRrg==</NODE_UUID>
     <NAME>toFlight</NAME>
     <RELATION_GUID>1PXvPjhYHt6VuJsTUCaxrg==</RELATION_GUID>
     <ENTITY_GUID>1PXvPjhYHt6VuI3idcExhA==</ENTITY_GUID>
     <REF_TYPE>T</REF_TYPE>
     <TECH_NAME>TOFLIGHT</TECH_NAME>
     <FROM_ROLE_XU>X</FROM_ROLE_XU>
     <TO_ROLE_XU>X</TO_ROLE_XU>
     <TXTR_XU>X</TXTR_XU>
     <DESCRIPTION_XU>X</DESCRIPTION_XU>
     <NAVP_LABEL_XU>X</NAVP_LABEL_XU>
    </_-IWBEP_-I_SBO_NP>
    <_-IWBEP_-I_SBO_NP>
     <PROJECT>ZC23_EX2_REVIEW</PROJECT>
     <NODE_UUID>1PXvPjhYHt6VuJsTUCbxrg==</NODE_UUID>
     <NAME>toConnection</NAME>
     <RELATION_GUID>1PXvPjhYHt6VuJsTUCaxrg==</RELATION_GUID>
     <ENTITY_GUID>1PXvPjhYHt6VuImA0yNRgg==</ENTITY_GUID>
     <REF_TYPE>T</REF_TYPE>
     <TECH_NAME>TOCONNECTION</TECH_NAME>
     <FROM_ROLE_XU>X</FROM_ROLE_XU>
     <TO_ROLE_XU>X</TO_ROLE_XU>
     <TXTR_XU>X</TXTR_XU>
     <DESCRIPTION_XU>X</DESCRIPTION_XU>
     <NAVP_LABEL_XU>X</NAVP_LABEL_XU>
    </_-IWBEP_-I_SBO_NP>
   </_-IWBEP_-I_SBO_NP>
   <_-IWBEP_-I_SBO_NPT>
    <_-IWBEP_-I_SBO_NPT>
     <SYLANGU>E</SYLANGU>
     <PROJECT>ZC23_EX2_REVIEW</PROJECT>
     <NODE_UUID>1PXvPjhYHt6VuJsTUCbRrg==</NODE_UUID>
    </_-IWBEP_-I_SBO_NPT>
    <_-IWBEP_-I_SBO_NPT>
     <SYLANGU>E</SYLANGU>
     <PROJECT>ZC23_EX2_REVIEW</PROJECT>
     <NODE_UUID>1PXvPjhYHt6VuJsTUCbxrg==</NODE_UUID>
    </_-IWBEP_-I_SBO_NPT>
   </_-IWBEP_-I_SBO_NPT>
   <_-IWBEP_-I_SBO_PR>
    <_-IWBEP_-I_SBO_PR>
     <PROJECT>ZC23_EX2_REVIEW</PROJECT>
     <NODE_UUID>1PXvPjhYHt6VuImA0yNxgg==</NODE_UUID>
     <PARENT_UUID>1PXvPjhYHt6VuImA0yNRgg==</PARENT_UUID>
     <NAME>Carrid</NAME>
     <IS_KEY>X</IS_KEY>
     <MAX_LENGTH>3</MAX_LENGTH>
     <EDM_CORE_TYPE>Edm.String</EDM_CORE_TYPE>
     <REF_TYPE>T</REF_TYPE>
     <ABAP_FIELD>CARRID</ABAP_FIELD>
     <AS_ETAG_XU>X</AS_ETAG_XU>
     <REQUIREFILTER_XU>X</REQUIREFILTER_XU>
     <UNIT_PROP_XU>X</UNIT_PROP_XU>
     <ABTY_XU>X</ABTY_XU>
     <SORT_ORDER>1</SORT_ORDER>
     <DESCRIPTION_XU>X</DESCRIPTION_XU>
    </_-IWBEP_-I_SBO_PR>
    <_-IWBEP_-I_SBO_PR>
     <PROJECT>ZC23_EX2_REVIEW</PROJECT>
     <NODE_UUID>1PXvPjhYHt6VuImA0yORgg==</NODE_UUID>
     <PARENT_UUID>1PXvPjhYHt6VuImA0yNRgg==</PARENT_UUID>
     <NAME>Connid</NAME>
     <IS_KEY>X</IS_KEY>
     <MAX_LENGTH>4</MAX_LENGTH>
     <EDM_CORE_TYPE>Edm.String</EDM_CORE_TYPE>
     <REF_TYPE>T</REF_TYPE>
     <ABAP_FIELD>CONNID</ABAP_FIELD>
     <AS_ETAG_XU>X</AS_ETAG_XU>
     <REQUIREFILTER_XU>X</REQUIREFILTER_XU>
     <UNIT_PROP_XU>X</UNIT_PROP_XU>
     <ABTY_XU>X</ABTY_XU>
     <SORT_ORDER>2</SORT_ORDER>
     <DESCRIPTION_XU>X</DESCRIPTION_XU>
    </_-IWBEP_-I_SBO_PR>
    <_-IWBEP_-I_SBO_PR>
     <PROJECT>ZC23_EX2_REVIEW</PROJECT>
     <NODE_UUID>1PXvPjhYHt6VuImA0yOxgg==</NODE_UUID>
     <PARENT_UUID>1PXvPjhYHt6VuImA0yNRgg==</PARENT_UUID>
     <NAME>Fldate</NAME>
     <IS_KEY>X</IS_KEY>
     <PROP_PRECISION>7</PROP_PRECISION>
     <EDM_CORE_TYPE>Edm.DateTime</EDM_CORE_TYPE>
     <REF_TYPE>T</REF_TYPE>
     <ABAP_FIELD>FLDATE</ABAP_FIELD>
     <AS_ETAG_XU>X</AS_ETAG_XU>
     <REQUIREFILTER_XU>X</REQUIREFILTER_XU>
     <UNIT_PROP_XU>X</UNIT_PROP_XU>
     <ABTY_XU>X</ABTY_XU>
     <SORT_ORDER>3</SORT_ORDER>
     <DESCRIPTION_XU>X</DESCRIPTION_XU>
    </_-IWBEP_-I_SBO_PR>
    <_-IWBEP_-I_SBO_PR>
     <PROJECT>ZC23_EX2_REVIEW</PROJECT>
     <NODE_UUID>1PXvPjhYHt6VuImA0yPRgg==</NODE_UUID>
     <PARENT_UUID>1PXvPjhYHt6VuImA0yNRgg==</PARENT_UUID>
     <NAME>Price</NAME>
     <PROP_PRECISION>16</PROP_PRECISION>
     <SCALE>3</SCALE>
     <EDM_CORE_TYPE>Edm.Decimal</EDM_CORE_TYPE>
     <REF_TYPE>T</REF_TYPE>
     <ABAP_FIELD>PRICE</ABAP_FIELD>
     <AS_ETAG_XU>X</AS_ETAG_XU>
     <REQUIREFILTER_XU>X</REQUIREFILTER_XU>
     <UNIT_PROP_XU>X</UNIT_PROP_XU>
     <ABTY_XU>X</ABTY_XU>
     <SORT_ORDER>4</SORT_ORDER>
     <DESCRIPTION_XU>X</DESCRIPTION_XU>
    </_-IWBEP_-I_SBO_PR>
    <_-IWBEP_-I_SBO_PR>
     <PROJECT>ZC23_EX2_REVIEW</PROJECT>
     <NODE_UUID>1PXvPjhYHt6VuImA0yPxgg==</NODE_UUID>
     <PARENT_UUID>1PXvPjhYHt6VuImA0yNRgg==</PARENT_UUID>
     <NAME>Currency</NAME>
     <MAX_LENGTH>5</MAX_LENGTH>
     <EDM_CORE_TYPE>Edm.String</EDM_CORE_TYPE>
     <REF_TYPE>T</REF_TYPE>
     <ABAP_FIELD>CURRENCY</ABAP_FIELD>
     <AS_ETAG_XU>X</AS_ETAG_XU>
     <REQUIREFILTER_XU>X</REQUIREFILTER_XU>
     <UNIT_PROP_XU>X</UNIT_PROP_XU>
     <ABTY_XU>X</ABTY_XU>
     <SORT_ORDER>5</SORT_ORDER>
     <DESCRIPTION_XU>X</DESCRIPTION_XU>
    </_-IWBEP_-I_SBO_PR>
    <_-IWBEP_-I_SBO_PR>
     <PROJECT>ZC23_EX2_REVIEW</PROJECT>
     <NODE_UUID>1PXvPjhYHt6VuImA0yQRgg==</NODE_UUID>
     <PARENT_UUID>1PXvPjhYHt6VuImA0yNRgg==</PARENT_UUID>
     <NAME>Planetype</NAME>
     <MAX_LENGTH>10</MAX_LENGTH>
     <EDM_CORE_TYPE>Edm.String</EDM_CORE_TYPE>
     <REF_TYPE>T</REF_TYPE>
     <ABAP_FIELD>PLANETYPE</ABAP_FIELD>
     <AS_ETAG_XU>X</AS_ETAG_XU>
     <REQUIREFILTER_XU>X</REQUIREFILTER_XU>
     <UNIT_PROP_XU>X</UNIT_PROP_XU>
     <ABTY_XU>X</ABTY_XU>
     <SORT_ORDER>6</SORT_ORDER>
     <DESCRIPTION_XU>X</DESCRIPTION_XU>
    </_-IWBEP_-I_SBO_PR>
    <_-IWBEP_-I_SBO_PR>
     <PROJECT>ZC23_EX2_REVIEW</PROJECT>
     <NODE_UUID>1PXvPjhYHt6VuImA0yQxgg==</NODE_UUID>
     <PARENT_UUID>1PXvPjhYHt6VuImA0yNRgg==</PARENT_UUID>
     <NAME>Seatsmax</NAME>
     <EDM_CORE_TYPE>Edm.Int32</EDM_CORE_TYPE>
     <REF_TYPE>T</REF_TYPE>
     <ABAP_FIELD>SEATSMAX</ABAP_FIELD>
     <AS_ETAG_XU>X</AS_ETAG_XU>
     <REQUIREFILTER_XU>X</REQUIREFILTER_XU>
     <UNIT_PROP_XU>X</UNIT_PROP_XU>
     <ABTY_XU>X</ABTY_XU>
     <SORT_ORDER>7</SORT_ORDER>
     <DESCRIPTION_XU>X</DESCRIPTION_XU>
    </_-IWBEP_-I_SBO_PR>
    <_-IWBEP_-I_SBO_PR>
     <PROJECT>ZC23_EX2_REVIEW</PROJECT>
     <NODE_UUID>1PXvPjhYHt6VuImA0yRRgg==</NODE_UUID>
     <PARENT_UUID>1PXvPjhYHt6VuImA0yNRgg==</PARENT_UUID>
     <NAME>Seatsocc</NAME>
     <EDM_CORE_TYPE>Edm.Int32</EDM_CORE_TYPE>
     <REF_TYPE>T</REF_TYPE>
     <ABAP_FIELD>SEATSOCC</ABAP_FIELD>
     <AS_ETAG_XU>X</AS_ETAG_XU>
     <REQUIREFILTER_XU>X</REQUIREFILTER_XU>
     <UNIT_PROP_XU>X</UNIT_PROP_XU>
     <ABTY_XU>X</ABTY_XU>
     <SORT_ORDER>8</SORT_ORDER>
     <DESCRIPTION_XU>X</DESCRIPTION_XU>
    </_-IWBEP_-I_SBO_PR>
    <_-IWBEP_-I_SBO_PR>
     <PROJECT>ZC23_EX2_REVIEW</PROJECT>
     <NODE_UUID>1PXvPjhYHt6VuImA0yRxgg==</NODE_UUID>
     <PARENT_UUID>1PXvPjhYHt6VuImA0yNRgg==</PARENT_UUID>
     <NAME>Paymentsum</NAME>
     <PROP_PRECISION>18</PROP_PRECISION>
     <SCALE>3</SCALE>
     <EDM_CORE_TYPE>Edm.Decimal</EDM_CORE_TYPE>
     <REF_TYPE>T</REF_TYPE>
     <ABAP_FIELD>PAYMENTSUM</ABAP_FIELD>
     <AS_ETAG_XU>X</AS_ETAG_XU>
     <REQUIREFILTER_XU>X</REQUIREFILTER_XU>
     <UNIT_PROP_XU>X</UNIT_PROP_XU>
     <ABTY_XU>X</ABTY_XU>
     <SORT_ORDER>9</SORT_ORDER>
     <DESCRIPTION_XU>X</DESCRIPTION_XU>
    </_-IWBEP_-I_SBO_PR>
    <_-IWBEP_-I_SBO_PR>
     <PROJECT>ZC23_EX2_REVIEW</PROJECT>
     <NODE_UUID>1PXvPjhYHt6VuImA0ySRgg==</NODE_UUID>
     <PARENT_UUID>1PXvPjhYHt6VuImA0yNRgg==</PARENT_UUID>
     <NAME>SeatsmaxB</NAME>
     <EDM_CORE_TYPE>Edm.Int32</EDM_CORE_TYPE>
     <REF_TYPE>T</REF_TYPE>
     <ABAP_FIELD>SEATSMAX_B</ABAP_FIELD>
     <AS_ETAG_XU>X</AS_ETAG_XU>
     <REQUIREFILTER_XU>X</REQUIREFILTER_XU>
     <UNIT_PROP_XU>X</UNIT_PROP_XU>
     <ABTY_XU>X</ABTY_XU>
     <SORT_ORDER>10</SORT_ORDER>
     <DESCRIPTION_XU>X</DESCRIPTION_XU>
    </_-IWBEP_-I_SBO_PR>
    <_-IWBEP_-I_SBO_PR>
     <PROJECT>ZC23_EX2_REVIEW</PROJECT>
     <NODE_UUID>1PXvPjhYHt6VuImA0ySxgg==</NODE_UUID>
     <PARENT_UUID>1PXvPjhYHt6VuImA0yNRgg==</PARENT_UUID>
     <NAME>SeatsoccB</NAME>
     <EDM_CORE_TYPE>Edm.Int32</EDM_CORE_TYPE>
     <REF_TYPE>T</REF_TYPE>
     <ABAP_FIELD>SEATSOCC_B</ABAP_FIELD>
     <AS_ETAG_XU>X</AS_ETAG_XU>
     <REQUIREFILTER_XU>X</REQUIREFILTER_XU>
     <UNIT_PROP_XU>X</UNIT_PROP_XU>
     <ABTY_XU>X</ABTY_XU>
     <SORT_ORDER>11</SORT_ORDER>
     <DESCRIPTION_XU>X</DESCRIPTION_XU>
    </_-IWBEP_-I_SBO_PR>
    <_-IWBEP_-I_SBO_PR>
     <PROJECT>ZC23_EX2_REVIEW</PROJECT>
     <NODE_UUID>1PXvPjhYHt6VuImA0yTRgg==</NODE_UUID>
     <PARENT_UUID>1PXvPjhYHt6VuImA0yNRgg==</PARENT_UUID>
     <NAME>SeatsmaxF</NAME>
     <EDM_CORE_TYPE>Edm.Int32</EDM_CORE_TYPE>
     <REF_TYPE>T</REF_TYPE>
     <ABAP_FIELD>SEATSMAX_F</ABAP_FIELD>
     <AS_ETAG_XU>X</AS_ETAG_XU>
     <REQUIREFILTER_XU>X</REQUIREFILTER_XU>
     <UNIT_PROP_XU>X</UNIT_PROP_XU>
     <ABTY_XU>X</ABTY_XU>
     <SORT_ORDER>12</SORT_ORDER>
     <DESCRIPTION_XU>X</DESCRIPTION_XU>
    </_-IWBEP_-I_SBO_PR>
    <_-IWBEP_-I_SBO_PR>
     <PROJECT>ZC23_EX2_REVIEW</PROJECT>
     <NODE_UUID>1PXvPjhYHt6VuImA0yTxgg==</NODE_UUID>
     <PARENT_UUID>1PXvPjhYHt6VuImA0yNRgg==</PARENT_UUID>
     <NAME>SeatsoccF</NAME>
     <EDM_CORE_TYPE>Edm.Int32</EDM_CORE_TYPE>
     <REF_TYPE>T</REF_TYPE>
     <ABAP_FIELD>SEATSOCC_F</ABAP_FIELD>
     <AS_ETAG_XU>X</AS_ETAG_XU>
     <REQUIREFILTER_XU>X</REQUIREFILTER_XU>
     <UNIT_PROP_XU>X</UNIT_PROP_XU>
     <ABTY_XU>X</ABTY_XU>
     <SORT_ORDER>13</SORT_ORDER>
     <DESCRIPTION_XU>X</DESCRIPTION_XU>
    </_-IWBEP_-I_SBO_PR>
    <_-IWBEP_-I_SBO_PR>
     <PROJECT>ZC23_EX2_REVIEW</PROJECT>
     <NODE_UUID>1PXvPjhYHt6VuI3idcFRhA==</NODE_UUID>
     <PARENT_UUID>1PXvPjhYHt6VuI3idcExhA==</PARENT_UUID>
     <NAME>Carrid</NAME>
     <IS_KEY>X</IS_KEY>
     <MAX_LENGTH>3</MAX_LENGTH>
     <EDM_CORE_TYPE>Edm.String</EDM_CORE_TYPE>
     <REF_TYPE>T</REF_TYPE>
     <ABAP_FIELD>CARRID</ABAP_FIELD>
     <AS_ETAG_XU>X</AS_ETAG_XU>
     <REQUIREFILTER_XU>X</REQUIREFILTER_XU>
     <UNIT_PROP_XU>X</UNIT_PROP_XU>
     <ABTY_XU>X</ABTY_XU>
     <SORT_ORDER>1</SORT_ORDER>
     <DESCRIPTION_XU>X</DESCRIPTION_XU>
    </_-IWBEP_-I_SBO_PR>
    <_-IWBEP_-I_SBO_PR>
     <PROJECT>ZC23_EX2_REVIEW</PROJECT>
     <NODE_UUID>1PXvPjhYHt6VuI3idcFxhA==</NODE_UUID>
     <PARENT_UUID>1PXvPjhYHt6VuI3idcExhA==</PARENT_UUID>
     <NAME>Connid</NAME>
     <IS_KEY>X</IS_KEY>
     <MAX_LENGTH>4</MAX_LENGTH>
     <EDM_CORE_TYPE>Edm.String</EDM_CORE_TYPE>
     <REF_TYPE>T</REF_TYPE>
     <ABAP_FIELD>CONNID</ABAP_FIELD>
     <AS_ETAG_XU>X</AS_ETAG_XU>
     <REQUIREFILTER_XU>X</REQUIREFILTER_XU>
     <UNIT_PROP_XU>X</UNIT_PROP_XU>
     <ABTY_XU>X</ABTY_XU>
     <SORT_ORDER>2</SORT_ORDER>
     <DESCRIPTION_XU>X</DESCRIPTION_XU>
    </_-IWBEP_-I_SBO_PR>
    <_-IWBEP_-I_SBO_PR>
     <PROJECT>ZC23_EX2_REVIEW</PROJECT>
     <NODE_UUID>1PXvPjhYHt6VuI3idcGRhA==</NODE_UUID>
     <PARENT_UUID>1PXvPjhYHt6VuI3idcExhA==</PARENT_UUID>
     <NAME>Countryfr</NAME>
     <MAX_LENGTH>3</MAX_LENGTH>
     <EDM_CORE_TYPE>Edm.String</EDM_CORE_TYPE>
     <REF_TYPE>T</REF_TYPE>
     <ABAP_FIELD>COUNTRYFR</ABAP_FIELD>
     <AS_ETAG_XU>X</AS_ETAG_XU>
     <REQUIREFILTER_XU>X</REQUIREFILTER_XU>
     <UNIT_PROP_XU>X</UNIT_PROP_XU>
     <ABTY_XU>X</ABTY_XU>
     <SORT_ORDER>3</SORT_ORDER>
     <DESCRIPTION_XU>X</DESCRIPTION_XU>
    </_-IWBEP_-I_SBO_PR>
    <_-IWBEP_-I_SBO_PR>
     <PROJECT>ZC23_EX2_REVIEW</PROJECT>
     <NODE_UUID>1PXvPjhYHt6VuI3idcGxhA==</NODE_UUID>
     <PARENT_UUID>1PXvPjhYHt6VuI3idcExhA==</PARENT_UUID>
     <NAME>Cityfrom</NAME>
     <MAX_LENGTH>20</MAX_LENGTH>
     <EDM_CORE_TYPE>Edm.String</EDM_CORE_TYPE>
     <REF_TYPE>T</REF_TYPE>
     <ABAP_FIELD>CITYFROM</ABAP_FIELD>
     <AS_ETAG_XU>X</AS_ETAG_XU>
     <REQUIREFILTER_XU>X</REQUIREFILTER_XU>
     <UNIT_PROP_XU>X</UNIT_PROP_XU>
     <ABTY_XU>X</ABTY_XU>
     <SORT_ORDER>4</SORT_ORDER>
     <DESCRIPTION_XU>X</DESCRIPTION_XU>
    </_-IWBEP_-I_SBO_PR>
    <_-IWBEP_-I_SBO_PR>
     <PROJECT>ZC23_EX2_REVIEW</PROJECT>
     <NODE_UUID>1PXvPjhYHt6VuI3idcHRhA==</NODE_UUID>
     <PARENT_UUID>1PXvPjhYHt6VuI3idcExhA==</PARENT_UUID>
     <NAME>Airpfrom</NAME>
     <MAX_LENGTH>3</MAX_LENGTH>
     <EDM_CORE_TYPE>Edm.String</EDM_CORE_TYPE>
     <REF_TYPE>T</REF_TYPE>
     <ABAP_FIELD>AIRPFROM</ABAP_FIELD>
     <AS_ETAG_XU>X</AS_ETAG_XU>
     <REQUIREFILTER_XU>X</REQUIREFILTER_XU>
     <UNIT_PROP_XU>X</UNIT_PROP_XU>
     <ABTY_XU>X</ABTY_XU>
     <SORT_ORDER>5</SORT_ORDER>
     <DESCRIPTION_XU>X</DESCRIPTION_XU>
    </_-IWBEP_-I_SBO_PR>
    <_-IWBEP_-I_SBO_PR>
     <PROJECT>ZC23_EX2_REVIEW</PROJECT>
     <NODE_UUID>1PXvPjhYHt6VuI3idcHxhA==</NODE_UUID>
     <PARENT_UUID>1PXvPjhYHt6VuI3idcExhA==</PARENT_UUID>
     <NAME>Countryto</NAME>
     <MAX_LENGTH>3</MAX_LENGTH>
     <EDM_CORE_TYPE>Edm.String</EDM_CORE_TYPE>
     <REF_TYPE>T</REF_TYPE>
     <ABAP_FIELD>COUNTRYTO</ABAP_FIELD>
     <AS_ETAG_XU>X</AS_ETAG_XU>
     <REQUIREFILTER_XU>X</REQUIREFILTER_XU>
     <UNIT_PROP_XU>X</UNIT_PROP_XU>
     <ABTY_XU>X</ABTY_XU>
     <SORT_ORDER>6</SORT_ORDER>
     <DESCRIPTION_XU>X</DESCRIPTION_XU>
    </_-IWBEP_-I_SBO_PR>
    <_-IWBEP_-I_SBO_PR>
     <PROJECT>ZC23_EX2_REVIEW</PROJECT>
     <NODE_UUID>1PXvPjhYHt6VuI3idcIRhA==</NODE_UUID>
     <PARENT_UUID>1PXvPjhYHt6VuI3idcExhA==</PARENT_UUID>
     <NAME>Cityto</NAME>
     <MAX_LENGTH>20</MAX_LENGTH>
     <EDM_CORE_TYPE>Edm.String</EDM_CORE_TYPE>
     <REF_TYPE>T</REF_TYPE>
     <ABAP_FIELD>CITYTO</ABAP_FIELD>
     <AS_ETAG_XU>X</AS_ETAG_XU>
     <REQUIREFILTER_XU>X</REQUIREFILTER_XU>
     <UNIT_PROP_XU>X</UNIT_PROP_XU>
     <ABTY_XU>X</ABTY_XU>
     <SORT_ORDER>7</SORT_ORDER>
     <DESCRIPTION_XU>X</DESCRIPTION_XU>
    </_-IWBEP_-I_SBO_PR>
    <_-IWBEP_-I_SBO_PR>
     <PROJECT>ZC23_EX2_REVIEW</PROJECT>
     <NODE_UUID>1PXvPjhYHt6VuI3idcIxhA==</NODE_UUID>
     <PARENT_UUID>1PXvPjhYHt6VuI3idcExhA==</PARENT_UUID>
     <NAME>Airpto</NAME>
     <MAX_LENGTH>3</MAX_LENGTH>
     <EDM_CORE_TYPE>Edm.String</EDM_CORE_TYPE>
     <REF_TYPE>T</REF_TYPE>
     <ABAP_FIELD>AIRPTO</ABAP_FIELD>
     <AS_ETAG_XU>X</AS_ETAG_XU>
     <REQUIREFILTER_XU>X</REQUIREFILTER_XU>
     <UNIT_PROP_XU>X</UNIT_PROP_XU>
     <ABTY_XU>X</ABTY_XU>
     <SORT_ORDER>8</SORT_ORDER>
     <DESCRIPTION_XU>X</DESCRIPTION_XU>
    </_-IWBEP_-I_SBO_PR>
    <_-IWBEP_-I_SBO_PR>
     <PROJECT>ZC23_EX2_REVIEW</PROJECT>
     <NODE_UUID>1PXvPjhYHt6VuI3idcJRhA==</NODE_UUID>
     <PARENT_UUID>1PXvPjhYHt6VuI3idcExhA==</PARENT_UUID>
     <NAME>Fltime</NAME>
     <EDM_CORE_TYPE>Edm.String</EDM_CORE_TYPE>
     <REF_TYPE>T</REF_TYPE>
     <ABAP_FIELD>FLTIME</ABAP_FIELD>
     <ABTY_XU>X</ABTY_XU>
     <SORT_ORDER>9</SORT_ORDER>
     <DESCRIPTION_XU>X</DESCRIPTION_XU>
    </_-IWBEP_-I_SBO_PR>
    <_-IWBEP_-I_SBO_PR>
     <PROJECT>ZC23_EX2_REVIEW</PROJECT>
     <NODE_UUID>1PXvPjhYHt6VuI3idcJxhA==</NODE_UUID>
     <PARENT_UUID>1PXvPjhYHt6VuI3idcExhA==</PARENT_UUID>
     <NAME>Deptime</NAME>
     <EDM_CORE_TYPE>Edm.Time</EDM_CORE_TYPE>
     <REF_TYPE>T</REF_TYPE>
     <ABAP_FIELD>DEPTIME</ABAP_FIELD>
     <AS_ETAG_XU>X</AS_ETAG_XU>
     <REQUIREFILTER_XU>X</REQUIREFILTER_XU>
     <UNIT_PROP_XU>X</UNIT_PROP_XU>
     <ABTY_XU>X</ABTY_XU>
     <SORT_ORDER>10</SORT_ORDER>
     <DESCRIPTION_XU>X</DESCRIPTION_XU>
    </_-IWBEP_-I_SBO_PR>
    <_-IWBEP_-I_SBO_PR>
     <PROJECT>ZC23_EX2_REVIEW</PROJECT>
     <NODE_UUID>1PXvPjhYHt6VuI3idcKRhA==</NODE_UUID>
     <PARENT_UUID>1PXvPjhYHt6VuI3idcExhA==</PARENT_UUID>
     <NAME>Arrtime</NAME>
     <EDM_CORE_TYPE>Edm.String</EDM_CORE_TYPE>
     <REF_TYPE>T</REF_TYPE>
     <ABAP_FIELD>ARRTIME</ABAP_FIELD>
     <ABTY_XU>X</ABTY_XU>
     <SORT_ORDER>11</SORT_ORDER>
     <DESCRIPTION_XU>X</DESCRIPTION_XU>
    </_-IWBEP_-I_SBO_PR>
    <_-IWBEP_-I_SBO_PR>
     <PROJECT>ZC23_EX2_REVIEW</PROJECT>
     <NODE_UUID>1PXvPjhYHt6VuI3idcKxhA==</NODE_UUID>
     <PARENT_UUID>1PXvPjhYHt6VuI3idcExhA==</PARENT_UUID>
     <NAME>Distance</NAME>
     <PROP_PRECISION>9</PROP_PRECISION>
     <SCALE>4</SCALE>
     <EDM_CORE_TYPE>Edm.Decimal</EDM_CORE_TYPE>
     <REF_TYPE>T</REF_TYPE>
     <ABAP_FIELD>DISTANCE</ABAP_FIELD>
     <AS_ETAG_XU>X</AS_ETAG_XU>
     <REQUIREFILTER_XU>X</REQUIREFILTER_XU>
     <UNIT_PROP_XU>X</UNIT_PROP_XU>
     <ABTY_XU>X</ABTY_XU>
     <SORT_ORDER>12</SORT_ORDER>
     <DESCRIPTION_XU>X</DESCRIPTION_XU>
    </_-IWBEP_-I_SBO_PR>
    <_-IWBEP_-I_SBO_PR>
     <PROJECT>ZC23_EX2_REVIEW</PROJECT>
     <NODE_UUID>1PXvPjhYHt6VuI3idcLRhA==</NODE_UUID>
     <PARENT_UUID>1PXvPjhYHt6VuI3idcExhA==</PARENT_UUID>
     <NAME>Distid</NAME>
     <MAX_LENGTH>3</MAX_LENGTH>
     <EDM_CORE_TYPE>Edm.String</EDM_CORE_TYPE>
     <REF_TYPE>T</REF_TYPE>
     <ABAP_FIELD>DISTID</ABAP_FIELD>
     <AS_ETAG_XU>X</AS_ETAG_XU>
     <REQUIREFILTER_XU>X</REQUIREFILTER_XU>
     <UNIT_PROP_XU>X</UNIT_PROP_XU>
     <ABTY_XU>X</ABTY_XU>
     <SORT_ORDER>13</SORT_ORDER>
     <DESCRIPTION_XU>X</DESCRIPTION_XU>
    </_-IWBEP_-I_SBO_PR>
    <_-IWBEP_-I_SBO_PR>
     <PROJECT>ZC23_EX2_REVIEW</PROJECT>
     <NODE_UUID>1PXvPjhYHt6VuI3idcLxhA==</NODE_UUID>
     <PARENT_UUID>1PXvPjhYHt6VuI3idcExhA==</PARENT_UUID>
     <NAME>Fltype</NAME>
     <MAX_LENGTH>1</MAX_LENGTH>
     <EDM_CORE_TYPE>Edm.String</EDM_CORE_TYPE>
     <REF_TYPE>T</REF_TYPE>
     <ABAP_FIELD>FLTYPE</ABAP_FIELD>
     <AS_ETAG_XU>X</AS_ETAG_XU>
     <REQUIREFILTER_XU>X</REQUIREFILTER_XU>
     <UNIT_PROP_XU>X</UNIT_PROP_XU>
     <ABTY_XU>X</ABTY_XU>
     <SORT_ORDER>14</SORT_ORDER>
     <DESCRIPTION_XU>X</DESCRIPTION_XU>
    </_-IWBEP_-I_SBO_PR>
    <_-IWBEP_-I_SBO_PR>
     <PROJECT>ZC23_EX2_REVIEW</PROJECT>
     <NODE_UUID>1PXvPjhYHt6VuI3idcMRhA==</NODE_UUID>
     <PARENT_UUID>1PXvPjhYHt6VuI3idcExhA==</PARENT_UUID>
     <NAME>Period</NAME>
     <EDM_CORE_TYPE>Edm.Byte</EDM_CORE_TYPE>
     <REF_TYPE>T</REF_TYPE>
     <ABAP_FIELD>PERIOD</ABAP_FIELD>
     <AS_ETAG_XU>X</AS_ETAG_XU>
     <REQUIREFILTER_XU>X</REQUIREFILTER_XU>
     <UNIT_PROP_XU>X</UNIT_PROP_XU>
     <ABTY_XU>X</ABTY_XU>
     <SORT_ORDER>15</SORT_ORDER>
     <DESCRIPTION_XU>X</DESCRIPTION_XU>
    </_-IWBEP_-I_SBO_PR>
   </_-IWBEP_-I_SBO_PR>
   <_-IWBEP_-I_SBO_PRT>
    <_-IWBEP_-I_SBO_PRT>
     <SYLANGU>E</SYLANGU>
     <PROJECT>ZC23_EX2_REVIEW</PROJECT>
     <NODE_UUID>1PXvPjhYHt6VuImA0yNxgg==</NODE_UUID>
     <PROP_LABEL>Airline</PROP_LABEL>
    </_-IWBEP_-I_SBO_PRT>
    <_-IWBEP_-I_SBO_PRT>
     <SYLANGU>E</SYLANGU>
     <PROJECT>ZC23_EX2_REVIEW</PROJECT>
     <NODE_UUID>1PXvPjhYHt6VuImA0yORgg==</NODE_UUID>
     <PROP_LABEL>Flight Number</PROP_LABEL>
    </_-IWBEP_-I_SBO_PRT>
    <_-IWBEP_-I_SBO_PRT>
     <SYLANGU>E</SYLANGU>
     <PROJECT>ZC23_EX2_REVIEW</PROJECT>
     <NODE_UUID>1PXvPjhYHt6VuImA0yOxgg==</NODE_UUID>
     <PROP_LABEL>Date</PROP_LABEL>
    </_-IWBEP_-I_SBO_PRT>
    <_-IWBEP_-I_SBO_PRT>
     <SYLANGU>E</SYLANGU>
     <PROJECT>ZC23_EX2_REVIEW</PROJECT>
     <NODE_UUID>1PXvPjhYHt6VuImA0yPRgg==</NODE_UUID>
     <PROP_LABEL>Airfare</PROP_LABEL>
    </_-IWBEP_-I_SBO_PRT>
    <_-IWBEP_-I_SBO_PRT>
     <SYLANGU>E</SYLANGU>
     <PROJECT>ZC23_EX2_REVIEW</PROJECT>
     <NODE_UUID>1PXvPjhYHt6VuImA0yPxgg==</NODE_UUID>
     <PROP_LABEL>Airline Currency</PROP_LABEL>
    </_-IWBEP_-I_SBO_PRT>
    <_-IWBEP_-I_SBO_PRT>
     <SYLANGU>E</SYLANGU>
     <PROJECT>ZC23_EX2_REVIEW</PROJECT>
     <NODE_UUID>1PXvPjhYHt6VuImA0yQRgg==</NODE_UUID>
     <PROP_LABEL>Plane Type</PROP_LABEL>
    </_-IWBEP_-I_SBO_PRT>
    <_-IWBEP_-I_SBO_PRT>
     <SYLANGU>E</SYLANGU>
     <PROJECT>ZC23_EX2_REVIEW</PROJECT>
     <NODE_UUID>1PXvPjhYHt6VuImA0yQxgg==</NODE_UUID>
     <PROP_LABEL>Max. capacity econ.</PROP_LABEL>
    </_-IWBEP_-I_SBO_PRT>
    <_-IWBEP_-I_SBO_PRT>
     <SYLANGU>E</SYLANGU>
     <PROJECT>ZC23_EX2_REVIEW</PROJECT>
     <NODE_UUID>1PXvPjhYHt6VuImA0yRRgg==</NODE_UUID>
     <PROP_LABEL>Occupied econ.</PROP_LABEL>
    </_-IWBEP_-I_SBO_PRT>
    <_-IWBEP_-I_SBO_PRT>
     <SYLANGU>E</SYLANGU>
     <PROJECT>ZC23_EX2_REVIEW</PROJECT>
     <NODE_UUID>1PXvPjhYHt6VuImA0yRxgg==</NODE_UUID>
     <PROP_LABEL>Total</PROP_LABEL>
    </_-IWBEP_-I_SBO_PRT>
    <_-IWBEP_-I_SBO_PRT>
     <SYLANGU>E</SYLANGU>
     <PROJECT>ZC23_EX2_REVIEW</PROJECT>
     <NODE_UUID>1PXvPjhYHt6VuImA0ySRgg==</NODE_UUID>
     <PROP_LABEL>Max. capacity bus.</PROP_LABEL>
    </_-IWBEP_-I_SBO_PRT>
    <_-IWBEP_-I_SBO_PRT>
     <SYLANGU>E</SYLANGU>
     <PROJECT>ZC23_EX2_REVIEW</PROJECT>
     <NODE_UUID>1PXvPjhYHt6VuImA0ySxgg==</NODE_UUID>
     <PROP_LABEL>Occupied bus.</PROP_LABEL>
    </_-IWBEP_-I_SBO_PRT>
    <_-IWBEP_-I_SBO_PRT>
     <SYLANGU>E</SYLANGU>
     <PROJECT>ZC23_EX2_REVIEW</PROJECT>
     <NODE_UUID>1PXvPjhYHt6VuImA0yTRgg==</NODE_UUID>
     <PROP_LABEL>Max. capacity 1st</PROP_LABEL>
    </_-IWBEP_-I_SBO_PRT>
    <_-IWBEP_-I_SBO_PRT>
     <SYLANGU>E</SYLANGU>
     <PROJECT>ZC23_EX2_REVIEW</PROJECT>
     <NODE_UUID>1PXvPjhYHt6VuImA0yTxgg==</NODE_UUID>
     <PROP_LABEL>Occupied 1st</PROP_LABEL>
    </_-IWBEP_-I_SBO_PRT>
    <_-IWBEP_-I_SBO_PRT>
     <SYLANGU>E</SYLANGU>
     <PROJECT>ZC23_EX2_REVIEW</PROJECT>
     <NODE_UUID>1PXvPjhYHt6VuI3idcFRhA==</NODE_UUID>
     <PROP_LABEL>Airline</PROP_LABEL>
    </_-IWBEP_-I_SBO_PRT>
    <_-IWBEP_-I_SBO_PRT>
     <SYLANGU>E</SYLANGU>
     <PROJECT>ZC23_EX2_REVIEW</PROJECT>
     <NODE_UUID>1PXvPjhYHt6VuI3idcFxhA==</NODE_UUID>
     <PROP_LABEL>Flight Number</PROP_LABEL>
    </_-IWBEP_-I_SBO_PRT>
    <_-IWBEP_-I_SBO_PRT>
     <SYLANGU>E</SYLANGU>
     <PROJECT>ZC23_EX2_REVIEW</PROJECT>
     <NODE_UUID>1PXvPjhYHt6VuI3idcGRhA==</NODE_UUID>
     <PROP_LABEL>Country</PROP_LABEL>
    </_-IWBEP_-I_SBO_PRT>
    <_-IWBEP_-I_SBO_PRT>
     <SYLANGU>E</SYLANGU>
     <PROJECT>ZC23_EX2_REVIEW</PROJECT>
     <NODE_UUID>1PXvPjhYHt6VuI3idcGxhA==</NODE_UUID>
     <PROP_LABEL>Depart.city</PROP_LABEL>
    </_-IWBEP_-I_SBO_PRT>
    <_-IWBEP_-I_SBO_PRT>
     <SYLANGU>E</SYLANGU>
     <PROJECT>ZC23_EX2_REVIEW</PROJECT>
     <NODE_UUID>1PXvPjhYHt6VuI3idcHRhA==</NODE_UUID>
     <PROP_LABEL>Dep. airport</PROP_LABEL>
    </_-IWBEP_-I_SBO_PRT>
    <_-IWBEP_-I_SBO_PRT>
     <SYLANGU>E</SYLANGU>
     <PROJECT>ZC23_EX2_REVIEW</PROJECT>
     <NODE_UUID>1PXvPjhYHt6VuI3idcHxhA==</NODE_UUID>
     <PROP_LABEL>Country</PROP_LABEL>
    </_-IWBEP_-I_SBO_PRT>
    <_-IWBEP_-I_SBO_PRT>
     <SYLANGU>E</SYLANGU>
     <PROJECT>ZC23_EX2_REVIEW</PROJECT>
     <NODE_UUID>1PXvPjhYHt6VuI3idcIRhA==</NODE_UUID>
     <PROP_LABEL>Arrival city</PROP_LABEL>
    </_-IWBEP_-I_SBO_PRT>
    <_-IWBEP_-I_SBO_PRT>
     <SYLANGU>E</SYLANGU>
     <PROJECT>ZC23_EX2_REVIEW</PROJECT>
     <NODE_UUID>1PXvPjhYHt6VuI3idcIxhA==</NODE_UUID>
     <PROP_LABEL>Dest. airport</PROP_LABEL>
    </_-IWBEP_-I_SBO_PRT>
    <_-IWBEP_-I_SBO_PRT>
     <SYLANGU>E</SYLANGU>
     <PROJECT>ZC23_EX2_REVIEW</PROJECT>
     <NODE_UUID>1PXvPjhYHt6VuI3idcJRhA==</NODE_UUID>
     <PROP_LABEL>Flight time</PROP_LABEL>
    </_-IWBEP_-I_SBO_PRT>
    <_-IWBEP_-I_SBO_PRT>
     <SYLANGU>E</SYLANGU>
     <PROJECT>ZC23_EX2_REVIEW</PROJECT>
     <NODE_UUID>1PXvPjhYHt6VuI3idcJxhA==</NODE_UUID>
     <PROP_LABEL>Departure</PROP_LABEL>
    </_-IWBEP_-I_SBO_PRT>
    <_-IWBEP_-I_SBO_PRT>
     <SYLANGU>E</SYLANGU>
     <PROJECT>ZC23_EX2_REVIEW</PROJECT>
     <NODE_UUID>1PXvPjhYHt6VuI3idcKRhA==</NODE_UUID>
     <PROP_LABEL>Arrival Time</PROP_LABEL>
    </_-IWBEP_-I_SBO_PRT>
    <_-IWBEP_-I_SBO_PRT>
     <SYLANGU>E</SYLANGU>
     <PROJECT>ZC23_EX2_REVIEW</PROJECT>
     <NODE_UUID>1PXvPjhYHt6VuI3idcKxhA==</NODE_UUID>
     <PROP_LABEL>Distance</PROP_LABEL>
    </_-IWBEP_-I_SBO_PRT>
    <_-IWBEP_-I_SBO_PRT>
     <SYLANGU>E</SYLANGU>
     <PROJECT>ZC23_EX2_REVIEW</PROJECT>
     <NODE_UUID>1PXvPjhYHt6VuI3idcLRhA==</NODE_UUID>
     <PROP_LABEL>Distance in</PROP_LABEL>
    </_-IWBEP_-I_SBO_PRT>
    <_-IWBEP_-I_SBO_PRT>
     <SYLANGU>E</SYLANGU>
     <PROJECT>ZC23_EX2_REVIEW</PROJECT>
     <NODE_UUID>1PXvPjhYHt6VuI3idcLxhA==</NODE_UUID>
     <PROP_LABEL>Charter</PROP_LABEL>
    </_-IWBEP_-I_SBO_PRT>
    <_-IWBEP_-I_SBO_PRT>
     <SYLANGU>E</SYLANGU>
     <PROJECT>ZC23_EX2_REVIEW</PROJECT>
     <NODE_UUID>1PXvPjhYHt6VuI3idcMRhA==</NODE_UUID>
     <PROP_LABEL>n day(s) later</PROP_LABEL>
    </_-IWBEP_-I_SBO_PRT>
   </_-IWBEP_-I_SBO_PRT>
   <_-IWBEP_-I_SBO_RC>
    <_-IWBEP_-I_SBO_RC>
     <PROJECT>ZC23_EX2_REVIEW</PROJECT>
     <NODE_UUID>1PXvPjhYHt6VuJzaTI0RsA==</NODE_UUID>
     <NAME>Connid</NAME>
     <DEPENDENT_PROP_R>1PXvPjhYHt6VuImA0yORgg==</DEPENDENT_PROP_R>
     <PRINCIPAL_PROP_R>1PXvPjhYHt6VuI3idcFxhA==</PRINCIPAL_PROP_R>
     <PRINCIPAL_ROLE>1PXvPjhYHt6VuI3idcExhA==</PRINCIPAL_ROLE>
     <DEPENDENT_ROLE>1PXvPjhYHt6VuImA0yNRgg==</DEPENDENT_ROLE>
     <ASSOCIATION_GUID>1PXvPjhYHt6VuJsTUCaxrg==</ASSOCIATION_GUID>
     <REF_TYPE>T</REF_TYPE>
     <TXTR_XU>X</TXTR_XU>
     <DESCRIPTION_XU>X</DESCRIPTION_XU>
     <REFC_LABEL_XU>X</REFC_LABEL_XU>
     <PROPERTY_PATH>00000000000000000000000000000000</PROPERTY_PATH>
     <REF_PROP_PATH>00000000000000000000000000000000</REF_PROP_PATH>
    </_-IWBEP_-I_SBO_RC>
    <_-IWBEP_-I_SBO_RC>
     <PROJECT>ZC23_EX2_REVIEW</PROJECT>
     <NODE_UUID>1PXvPjhYHt6VuJzaTI0xsA==</NODE_UUID>
     <NAME>Carrid</NAME>
     <DEPENDENT_PROP_R>1PXvPjhYHt6VuImA0yNxgg==</DEPENDENT_PROP_R>
     <PRINCIPAL_PROP_R>1PXvPjhYHt6VuI3idcFRhA==</PRINCIPAL_PROP_R>
     <PRINCIPAL_ROLE>1PXvPjhYHt6VuI3idcExhA==</PRINCIPAL_ROLE>
     <DEPENDENT_ROLE>1PXvPjhYHt6VuImA0yNRgg==</DEPENDENT_ROLE>
     <ASSOCIATION_GUID>1PXvPjhYHt6VuJsTUCaxrg==</ASSOCIATION_GUID>
     <REF_TYPE>T</REF_TYPE>
     <TXTR_XU>X</TXTR_XU>
     <DESCRIPTION_XU>X</DESCRIPTION_XU>
     <REFC_LABEL_XU>X</REFC_LABEL_XU>
     <PROPERTY_PATH>00000000000000000000000000000000</PROPERTY_PATH>
     <REF_PROP_PATH>00000000000000000000000000000000</REF_PROP_PATH>
    </_-IWBEP_-I_SBO_RC>
   </_-IWBEP_-I_SBO_RC>
   <_-IWBEP_-I_SBO_RCT>
    <_-IWBEP_-I_SBO_RCT>
     <SYLANGU>E</SYLANGU>
     <PROJECT>ZC23_EX2_REVIEW</PROJECT>
     <NODE_UUID>1PXvPjhYHt6VuJzaTI0RsA==</NODE_UUID>
    </_-IWBEP_-I_SBO_RCT>
    <_-IWBEP_-I_SBO_RCT>
     <SYLANGU>E</SYLANGU>
     <PROJECT>ZC23_EX2_REVIEW</PROJECT>
     <NODE_UUID>1PXvPjhYHt6VuJzaTI0xsA==</NODE_UUID>
    </_-IWBEP_-I_SBO_RCT>
   </_-IWBEP_-I_SBO_RCT>
  </asx:values>
 </asx:abap>
</abapGit>
