﻿<?xml version="1.0" encoding="utf-8"?>
<abapGit version="v1.0.0" serializer="LCL_OBJECT_IWPR" serializer_version="v1.0.0">
 <asx:abap xmlns:asx="http://www.sap.com/abapxml" version="1.0">
  <asx:values>
   <_-IWBEP_-I_SBD_AT>
    <_-IWBEP_-I_SBD_AT>
     <PROJECT>ZC23_EX3</PROJECT>
     <NODE_UUID>1PXvPjhYHu6U874cHPfaAg==</NODE_UUID>
     <NODE_UUID_PA>1PXvPjhYHu6U87XeAoVZ/g==</NODE_UUID_PA>
     <PLUGIN_PA>/IWBEP/CORE</PLUGIN_PA>
     <NODE_TYPE_PA>PROJ</NODE_TYPE_PA>
     <NAME>GENERATED_METHODS_RDS</NAME>
     <TYPE>V2_RDS</TYPE>
     <MIME_TYPE>XML</MIME_TYPE>
     <VALUE>PD94bWwgdmVyc2lvbj0iMS4wIiBlbmNvZGluZz0idXRmLTgiPz48YXN4OmFiYXAgdmVyc2lvbj0i
MS4wIiB4bWxuczphc3g9Imh0dHA6Ly93d3cuc2FwLmNvbS9hYmFweG1sIj48YXN4OnZhbHVlcz48
R0VOLz48L2FzeDp2YWx1ZXM+PC9hc3g6YWJhcD4=</VALUE>
    </_-IWBEP_-I_SBD_AT>
   </_-IWBEP_-I_SBD_AT>
   <_-IWBEP_-I_SBD_DS>
    <_-IWBEP_-I_SBD_DS>
     <PROJECT>ZC23_EX3</PROJECT>
     <NODE_UUID>1PXvPjhYHu6U87k8g4+Z/g==</NODE_UUID>
     <PARENT_UUID>1PXvPjhYHu6U87XeAoWZ/g==</PARENT_UUID>
     <NAME>ZPFLI_C23</NAME>
     <DS_TYPE>5</DS_TYPE>
    </_-IWBEP_-I_SBD_DS>
   </_-IWBEP_-I_SBD_DS>
   <_-IWBEP_-I_SBD_DST>
    <_-IWBEP_-I_SBD_DST>
     <SYLANGU>E</SYLANGU>
     <PROJECT>ZC23_EX3</PROJECT>
     <NODE_UUID>1PXvPjhYHu6U87k8g4+Z/g==</NODE_UUID>
    </_-IWBEP_-I_SBD_DST>
   </_-IWBEP_-I_SBD_DST>
   <_-IWBEP_-I_SBD_GA>
    <_-IWBEP_-I_SBD_GA>
     <PROJECT>ZC23_EX3</PROJECT>
     <NODE_UUID>1PXvPjhYHu6U874/9a+6Ag==</NODE_UUID>
     <NAME>ZCL_ZC23_EX3_MPC</NAME>
     <PGMID>R3TR</PGMID>
     <TROBJ_TYPE>CLAS</TROBJ_TYPE>
     <TROBJ_NAME>ZCL_ZC23_EX3_MPC</TROBJ_NAME>
     <GEN_ART_TYPE>MPCB</GEN_ART_TYPE>
    </_-IWBEP_-I_SBD_GA>
    <_-IWBEP_-I_SBD_GA>
     <PROJECT>ZC23_EX3</PROJECT>
     <NODE_UUID>1PXvPjhYHu6U874/9a/aAg==</NODE_UUID>
     <NAME>ZCL_ZC23_EX3_MPC_EXT</NAME>
     <PGMID>R3TR</PGMID>
     <TROBJ_TYPE>CLAS</TROBJ_TYPE>
     <TROBJ_NAME>ZCL_ZC23_EX3_MPC_EXT</TROBJ_NAME>
     <GEN_ART_TYPE>MPCS</GEN_ART_TYPE>
    </_-IWBEP_-I_SBD_GA>
    <_-IWBEP_-I_SBD_GA>
     <PROJECT>ZC23_EX3</PROJECT>
     <NODE_UUID>1PXvPjhYHu6U874/9a/6Ag==</NODE_UUID>
     <NAME>ZCL_ZC23_EX3_DPC</NAME>
     <PGMID>R3TR</PGMID>
     <TROBJ_TYPE>CLAS</TROBJ_TYPE>
     <TROBJ_NAME>ZCL_ZC23_EX3_DPC</TROBJ_NAME>
     <GEN_ART_TYPE>DPCB</GEN_ART_TYPE>
    </_-IWBEP_-I_SBD_GA>
    <_-IWBEP_-I_SBD_GA>
     <PROJECT>ZC23_EX3</PROJECT>
     <NODE_UUID>1PXvPjhYHu6U874/9bAaAg==</NODE_UUID>
     <NAME>ZCL_ZC23_EX3_DPC_EXT</NAME>
     <PGMID>R3TR</PGMID>
     <TROBJ_TYPE>CLAS</TROBJ_TYPE>
     <TROBJ_NAME>ZCL_ZC23_EX3_DPC_EXT</TROBJ_NAME>
     <GEN_ART_TYPE>DPCS</GEN_ART_TYPE>
    </_-IWBEP_-I_SBD_GA>
    <_-IWBEP_-I_SBD_GA>
     <PROJECT>ZC23_EX3</PROJECT>
     <NODE_UUID>1PXvPjhYHu6U874/9bA6Ag==</NODE_UUID>
     <NAME>ZC23_EX3_MDL</NAME>
     <PGMID>R3TR</PGMID>
     <TROBJ_TYPE>IWMO</TROBJ_TYPE>
     <TROBJ_NAME>ZC23_EX3_MDL</TROBJ_NAME>
     <GEN_ART_TYPE>MDL</GEN_ART_TYPE>
    </_-IWBEP_-I_SBD_GA>
    <_-IWBEP_-I_SBD_GA>
     <PROJECT>ZC23_EX3</PROJECT>
     <NODE_UUID>1PXvPjhYHu6U874/9bBaAg==</NODE_UUID>
     <NAME>ZC23_EX3_SRV</NAME>
     <PGMID>R3TR</PGMID>
     <TROBJ_TYPE>IWSV</TROBJ_TYPE>
     <TROBJ_NAME>ZC23_EX3_SRV</TROBJ_NAME>
     <GEN_ART_TYPE>SRV</GEN_ART_TYPE>
    </_-IWBEP_-I_SBD_GA>
   </_-IWBEP_-I_SBD_GA>
   <_-IWBEP_-I_SBD_GAT>
    <_-IWBEP_-I_SBD_GAT>
     <SYLANGU>E</SYLANGU>
     <PROJECT>ZC23_EX3</PROJECT>
     <NODE_UUID>1PXvPjhYHu6U874/9a+6Ag==</NODE_UUID>
    </_-IWBEP_-I_SBD_GAT>
    <_-IWBEP_-I_SBD_GAT>
     <SYLANGU>E</SYLANGU>
     <PROJECT>ZC23_EX3</PROJECT>
     <NODE_UUID>1PXvPjhYHu6U874/9a/aAg==</NODE_UUID>
    </_-IWBEP_-I_SBD_GAT>
    <_-IWBEP_-I_SBD_GAT>
     <SYLANGU>E</SYLANGU>
     <PROJECT>ZC23_EX3</PROJECT>
     <NODE_UUID>1PXvPjhYHu6U874/9a/6Ag==</NODE_UUID>
    </_-IWBEP_-I_SBD_GAT>
    <_-IWBEP_-I_SBD_GAT>
     <SYLANGU>E</SYLANGU>
     <PROJECT>ZC23_EX3</PROJECT>
     <NODE_UUID>1PXvPjhYHu6U874/9bAaAg==</NODE_UUID>
    </_-IWBEP_-I_SBD_GAT>
    <_-IWBEP_-I_SBD_GAT>
     <SYLANGU>E</SYLANGU>
     <PROJECT>ZC23_EX3</PROJECT>
     <NODE_UUID>1PXvPjhYHu6U874/9bA6Ag==</NODE_UUID>
    </_-IWBEP_-I_SBD_GAT>
    <_-IWBEP_-I_SBD_GAT>
     <SYLANGU>E</SYLANGU>
     <PROJECT>ZC23_EX3</PROJECT>
     <NODE_UUID>1PXvPjhYHu6U874/9bBaAg==</NODE_UUID>
    </_-IWBEP_-I_SBD_GAT>
   </_-IWBEP_-I_SBD_GAT>
   <_-IWBEP_-I_SBD_MD>
    <_-IWBEP_-I_SBD_MD>
     <PROJECT>ZC23_EX3</PROJECT>
     <NODE_UUID>1PXvPjhYHu6U87XeAoV5/g==</NODE_UUID>
     <NODE_UUID_PA>1PXvPjhYHu6U87XeAoVZ/g==</NODE_UUID_PA>
     <PLUGIN_PA>/IWBEP/CORE</PLUGIN_PA>
     <NODE_TYPE_PA>PROJ</NODE_TYPE_PA>
     <TECHNICAL_NAME>ZC23_EX3_MDL</TECHNICAL_NAME>
     <VERSION>0001</VERSION>
     <MPC>ZCL_ZC23_EX3_MPC_EXT</MPC>
     <STATE_NS>S</STATE_NS>
     <VALUE_NS>ZC23_EX3_SRV</VALUE_NS>
    </_-IWBEP_-I_SBD_MD>
   </_-IWBEP_-I_SBD_MD>
   <_-IWBEP_-I_SBD_MDT>
    <_-IWBEP_-I_SBD_MDT>
     <SYLANGU>E</SYLANGU>
     <PROJECT>ZC23_EX3</PROJECT>
     <NODE_UUID>1PXvPjhYHu6U87XeAoV5/g==</NODE_UUID>
    </_-IWBEP_-I_SBD_MDT>
   </_-IWBEP_-I_SBD_MDT>
   <_-IWBEP_-I_SBD_NOI>
    <_-IWBEP_-I_SBD_NOI>
     <PROJECT>ZC23_EX3</PROJECT>
     <NODE_UUID>1PXvPjhYHu6U87XeAoVZ/g==</NODE_UUID>
    </_-IWBEP_-I_SBD_NOI>
    <_-IWBEP_-I_SBD_NOI>
     <PROJECT>ZC23_EX3</PROJECT>
     <NODE_UUID>1PXvPjhYHu6U87XeAoV5/g==</NODE_UUID>
    </_-IWBEP_-I_SBD_NOI>
    <_-IWBEP_-I_SBD_NOI>
     <PROJECT>ZC23_EX3</PROJECT>
     <NODE_UUID>1PXvPjhYHu6U87XeAoWZ/g==</NODE_UUID>
    </_-IWBEP_-I_SBD_NOI>
    <_-IWBEP_-I_SBD_NOI>
     <PROJECT>ZC23_EX3</PROJECT>
     <NODE_UUID>1PXvPjhYHu6U87XeAoW5/g==</NODE_UUID>
    </_-IWBEP_-I_SBD_NOI>
    <_-IWBEP_-I_SBD_NOI>
     <PROJECT>ZC23_EX3</PROJECT>
     <NODE_UUID>1PXvPjhYHu6U87k8g4+Z/g==</NODE_UUID>
    </_-IWBEP_-I_SBD_NOI>
    <_-IWBEP_-I_SBD_NOI>
     <PROJECT>ZC23_EX3</PROJECT>
     <NODE_UUID>1PXvPjhYHu6U87qAxhk5/g==</NODE_UUID>
     <TYPE>DASO</TYPE>
     <NAME>D4F5EF3E38581EEE94F3B93C838F99FEZPFLI_C23</NAME>
    </_-IWBEP_-I_SBD_NOI>
    <_-IWBEP_-I_SBD_NOI>
     <PROJECT>ZC23_EX3</PROJECT>
     <NODE_UUID>1PXvPjhYHu6U87qAxhlZ/g==</NODE_UUID>
     <TYPE>DASO</TYPE>
     <NAME>D4F5EF3E38581EEE94F3B93C838F99FEZPFLI_C23\CARRID</NAME>
    </_-IWBEP_-I_SBD_NOI>
    <_-IWBEP_-I_SBD_NOI>
     <PROJECT>ZC23_EX3</PROJECT>
     <NODE_UUID>1PXvPjhYHu6U87qAxhl5/g==</NODE_UUID>
     <TYPE>DASO</TYPE>
     <NAME>D4F5EF3E38581EEE94F3B93C838F99FEZPFLI_C23\CONNID</NAME>
    </_-IWBEP_-I_SBD_NOI>
    <_-IWBEP_-I_SBD_NOI>
     <PROJECT>ZC23_EX3</PROJECT>
     <NODE_UUID>1PXvPjhYHu6U87qAxhmZ/g==</NODE_UUID>
     <TYPE>DASO</TYPE>
     <NAME>D4F5EF3E38581EEE94F3B93C838F99FEZPFLI_C23\COUNTRYFR</NAME>
    </_-IWBEP_-I_SBD_NOI>
    <_-IWBEP_-I_SBD_NOI>
     <PROJECT>ZC23_EX3</PROJECT>
     <NODE_UUID>1PXvPjhYHu6U87qAxhm5/g==</NODE_UUID>
     <TYPE>DASO</TYPE>
     <NAME>D4F5EF3E38581EEE94F3B93C838F99FEZPFLI_C23\CITYFROM</NAME>
    </_-IWBEP_-I_SBD_NOI>
    <_-IWBEP_-I_SBD_NOI>
     <PROJECT>ZC23_EX3</PROJECT>
     <NODE_UUID>1PXvPjhYHu6U87qAxhnZ/g==</NODE_UUID>
     <TYPE>DASO</TYPE>
     <NAME>D4F5EF3E38581EEE94F3B93C838F99FEZPFLI_C23\AIRPFROM</NAME>
    </_-IWBEP_-I_SBD_NOI>
    <_-IWBEP_-I_SBD_NOI>
     <PROJECT>ZC23_EX3</PROJECT>
     <NODE_UUID>1PXvPjhYHu6U87qAxhn5/g==</NODE_UUID>
     <TYPE>DASO</TYPE>
     <NAME>D4F5EF3E38581EEE94F3B93C838F99FEZPFLI_C23\COUNTRYTO</NAME>
    </_-IWBEP_-I_SBD_NOI>
    <_-IWBEP_-I_SBD_NOI>
     <PROJECT>ZC23_EX3</PROJECT>
     <NODE_UUID>1PXvPjhYHu6U87qAxhoZ/g==</NODE_UUID>
     <TYPE>DASO</TYPE>
     <NAME>D4F5EF3E38581EEE94F3B93C838F99FEZPFLI_C23\CITYTO</NAME>
    </_-IWBEP_-I_SBD_NOI>
    <_-IWBEP_-I_SBD_NOI>
     <PROJECT>ZC23_EX3</PROJECT>
     <NODE_UUID>1PXvPjhYHu6U87qAxho5/g==</NODE_UUID>
     <TYPE>DASO</TYPE>
     <NAME>D4F5EF3E38581EEE94F3B93C838F99FEZPFLI_C23\AIRPTO</NAME>
    </_-IWBEP_-I_SBD_NOI>
    <_-IWBEP_-I_SBD_NOI>
     <PROJECT>ZC23_EX3</PROJECT>
     <NODE_UUID>1PXvPjhYHu6U87qAxhpZ/g==</NODE_UUID>
     <TYPE>DASO</TYPE>
     <NAME>D4F5EF3E38581EEE94F3B93C838F99FEZPFLI_C23\DEPTIME</NAME>
    </_-IWBEP_-I_SBD_NOI>
    <_-IWBEP_-I_SBD_NOI>
     <PROJECT>ZC23_EX3</PROJECT>
     <NODE_UUID>1PXvPjhYHu6U87qAxhp5/g==</NODE_UUID>
     <TYPE>DASO</TYPE>
     <NAME>D4F5EF3E38581EEE94F3B93C838F99FEZPFLI_C23\ARRTIME</NAME>
    </_-IWBEP_-I_SBD_NOI>
    <_-IWBEP_-I_SBD_NOI>
     <PROJECT>ZC23_EX3</PROJECT>
     <NODE_UUID>1PXvPjhYHu6U87qAxhqZ/g==</NODE_UUID>
     <TYPE>DASO</TYPE>
     <NAME>D4F5EF3E38581EEE94F3B93C838F99FEZPFLI_C23\DISTANCE</NAME>
    </_-IWBEP_-I_SBD_NOI>
    <_-IWBEP_-I_SBD_NOI>
     <PROJECT>ZC23_EX3</PROJECT>
     <NODE_UUID>1PXvPjhYHu6U87qAxhq5/g==</NODE_UUID>
     <TYPE>DASO</TYPE>
     <NAME>D4F5EF3E38581EEE94F3B93C838F99FEZPFLI_C23\DISTID</NAME>
    </_-IWBEP_-I_SBD_NOI>
    <_-IWBEP_-I_SBD_NOI>
     <PROJECT>ZC23_EX3</PROJECT>
     <NODE_UUID>1PXvPjhYHu6U87qAxhrZ/g==</NODE_UUID>
     <TYPE>DASO</TYPE>
     <NAME>D4F5EF3E38581EEE94F3B93C838F99FEZPFLI_C23\FLTYPE</NAME>
    </_-IWBEP_-I_SBD_NOI>
    <_-IWBEP_-I_SBD_NOI>
     <PROJECT>ZC23_EX3</PROJECT>
     <NODE_UUID>1PXvPjhYHu6U87qAxhr5/g==</NODE_UUID>
     <TYPE>DASO</TYPE>
     <NAME>D4F5EF3E38581EEE94F3B93C838F99FEZPFLI_C23\PERIOD</NAME>
    </_-IWBEP_-I_SBD_NOI>
    <_-IWBEP_-I_SBD_NOI>
     <PROJECT>ZC23_EX3</PROJECT>
     <NODE_UUID>1PXvPjhYHu6U87qAxhsZ/g==</NODE_UUID>
    </_-IWBEP_-I_SBD_NOI>
    <_-IWBEP_-I_SBD_NOI>
     <PROJECT>ZC23_EX3</PROJECT>
     <NODE_UUID>1PXvPjhYHu6U87qAxhs5/g==</NODE_UUID>
    </_-IWBEP_-I_SBD_NOI>
    <_-IWBEP_-I_SBD_NOI>
     <PROJECT>ZC23_EX3</PROJECT>
     <NODE_UUID>1PXvPjhYHu6U87qAxhtZ/g==</NODE_UUID>
    </_-IWBEP_-I_SBD_NOI>
    <_-IWBEP_-I_SBD_NOI>
     <PROJECT>ZC23_EX3</PROJECT>
     <NODE_UUID>1PXvPjhYHu6U87qAxht5/g==</NODE_UUID>
    </_-IWBEP_-I_SBD_NOI>
    <_-IWBEP_-I_SBD_NOI>
     <PROJECT>ZC23_EX3</PROJECT>
     <NODE_UUID>1PXvPjhYHu6U87qAxhuZ/g==</NODE_UUID>
    </_-IWBEP_-I_SBD_NOI>
    <_-IWBEP_-I_SBD_NOI>
     <PROJECT>ZC23_EX3</PROJECT>
     <NODE_UUID>1PXvPjhYHu6U87qAxhu5/g==</NODE_UUID>
    </_-IWBEP_-I_SBD_NOI>
    <_-IWBEP_-I_SBD_NOI>
     <PROJECT>ZC23_EX3</PROJECT>
     <NODE_UUID>1PXvPjhYHu6U87qAxhvZ/g==</NODE_UUID>
    </_-IWBEP_-I_SBD_NOI>
    <_-IWBEP_-I_SBD_NOI>
     <PROJECT>ZC23_EX3</PROJECT>
     <NODE_UUID>1PXvPjhYHu6U874cHPfaAg==</NODE_UUID>
    </_-IWBEP_-I_SBD_NOI>
    <_-IWBEP_-I_SBD_NOI>
     <PROJECT>ZC23_EX3</PROJECT>
     <NODE_UUID>1PXvPjhYHu6U874/9a+6Ag==</NODE_UUID>
    </_-IWBEP_-I_SBD_NOI>
    <_-IWBEP_-I_SBD_NOI>
     <PROJECT>ZC23_EX3</PROJECT>
     <NODE_UUID>1PXvPjhYHu6U874/9a/aAg==</NODE_UUID>
    </_-IWBEP_-I_SBD_NOI>
    <_-IWBEP_-I_SBD_NOI>
     <PROJECT>ZC23_EX3</PROJECT>
     <NODE_UUID>1PXvPjhYHu6U874/9a/6Ag==</NODE_UUID>
    </_-IWBEP_-I_SBD_NOI>
    <_-IWBEP_-I_SBD_NOI>
     <PROJECT>ZC23_EX3</PROJECT>
     <NODE_UUID>1PXvPjhYHu6U874/9bAaAg==</NODE_UUID>
    </_-IWBEP_-I_SBD_NOI>
    <_-IWBEP_-I_SBD_NOI>
     <PROJECT>ZC23_EX3</PROJECT>
     <NODE_UUID>1PXvPjhYHu6U874/9bA6Ag==</NODE_UUID>
    </_-IWBEP_-I_SBD_NOI>
    <_-IWBEP_-I_SBD_NOI>
     <PROJECT>ZC23_EX3</PROJECT>
     <NODE_UUID>1PXvPjhYHu6U874/9bBaAg==</NODE_UUID>
    </_-IWBEP_-I_SBD_NOI>
   </_-IWBEP_-I_SBD_NOI>
   <_-IWBEP_-I_SBD_OP>
    <_-IWBEP_-I_SBD_OP>
     <PROJECT>ZC23_EX3</PROJECT>
     <NODE_UUID>1PXvPjhYHu6U87qAxhtZ/g==</NODE_UUID>
     <PARENT_UUID>1PXvPjhYHu6U87qAxhs5/g==</PARENT_UUID>
     <NAME>Create</NAME>
     <OPERATION_TYPE>C</OPERATION_TYPE>
     <IMP_METHOD>CONNECTIONSET_CREATE_ENTITY</IMP_METHOD>
    </_-IWBEP_-I_SBD_OP>
    <_-IWBEP_-I_SBD_OP>
     <PROJECT>ZC23_EX3</PROJECT>
     <NODE_UUID>1PXvPjhYHu6U87qAxht5/g==</NODE_UUID>
     <PARENT_UUID>1PXvPjhYHu6U87qAxhs5/g==</PARENT_UUID>
     <NAME>GetEntity (Read)</NAME>
     <OPERATION_TYPE>R</OPERATION_TYPE>
     <IMP_METHOD>CONNECTIONSET_GET_ENTITY</IMP_METHOD>
    </_-IWBEP_-I_SBD_OP>
    <_-IWBEP_-I_SBD_OP>
     <PROJECT>ZC23_EX3</PROJECT>
     <NODE_UUID>1PXvPjhYHu6U87qAxhuZ/g==</NODE_UUID>
     <PARENT_UUID>1PXvPjhYHu6U87qAxhs5/g==</PARENT_UUID>
     <NAME>Update</NAME>
     <OPERATION_TYPE>U</OPERATION_TYPE>
     <IMP_METHOD>CONNECTIONSET_UPDATE_ENTITY</IMP_METHOD>
    </_-IWBEP_-I_SBD_OP>
    <_-IWBEP_-I_SBD_OP>
     <PROJECT>ZC23_EX3</PROJECT>
     <NODE_UUID>1PXvPjhYHu6U87qAxhu5/g==</NODE_UUID>
     <PARENT_UUID>1PXvPjhYHu6U87qAxhs5/g==</PARENT_UUID>
     <NAME>Delete</NAME>
     <OPERATION_TYPE>D</OPERATION_TYPE>
     <IMP_METHOD>CONNECTIONSET_DELETE_ENTITY</IMP_METHOD>
    </_-IWBEP_-I_SBD_OP>
    <_-IWBEP_-I_SBD_OP>
     <PROJECT>ZC23_EX3</PROJECT>
     <NODE_UUID>1PXvPjhYHu6U87qAxhvZ/g==</NODE_UUID>
     <PARENT_UUID>1PXvPjhYHu6U87qAxhs5/g==</PARENT_UUID>
     <NAME>GetEntitySet (Query)</NAME>
     <OPERATION_TYPE>Q</OPERATION_TYPE>
     <IMP_METHOD>CONNECTIONSET_GET_ENTITYSET</IMP_METHOD>
    </_-IWBEP_-I_SBD_OP>
   </_-IWBEP_-I_SBD_OP>
   <_-IWBEP_-I_SBD_OPT>
    <_-IWBEP_-I_SBD_OPT>
     <SYLANGU>E</SYLANGU>
     <PROJECT>ZC23_EX3</PROJECT>
     <NODE_UUID>1PXvPjhYHu6U87qAxhtZ/g==</NODE_UUID>
    </_-IWBEP_-I_SBD_OPT>
    <_-IWBEP_-I_SBD_OPT>
     <SYLANGU>E</SYLANGU>
     <PROJECT>ZC23_EX3</PROJECT>
     <NODE_UUID>1PXvPjhYHu6U87qAxht5/g==</NODE_UUID>
    </_-IWBEP_-I_SBD_OPT>
    <_-IWBEP_-I_SBD_OPT>
     <SYLANGU>E</SYLANGU>
     <PROJECT>ZC23_EX3</PROJECT>
     <NODE_UUID>1PXvPjhYHu6U87qAxhuZ/g==</NODE_UUID>
    </_-IWBEP_-I_SBD_OPT>
    <_-IWBEP_-I_SBD_OPT>
     <SYLANGU>E</SYLANGU>
     <PROJECT>ZC23_EX3</PROJECT>
     <NODE_UUID>1PXvPjhYHu6U87qAxhu5/g==</NODE_UUID>
    </_-IWBEP_-I_SBD_OPT>
    <_-IWBEP_-I_SBD_OPT>
     <SYLANGU>E</SYLANGU>
     <PROJECT>ZC23_EX3</PROJECT>
     <NODE_UUID>1PXvPjhYHu6U87qAxhvZ/g==</NODE_UUID>
    </_-IWBEP_-I_SBD_OPT>
   </_-IWBEP_-I_SBD_OPT>
   <_-IWBEP_-I_SBD_PR>
    <_-IWBEP_-I_SBD_PR>
     <PROJECT>ZC23_EX3</PROJECT>
     <NODE_UUID>1PXvPjhYHu6U87XeAoVZ/g==</NODE_UUID>
     <CREATION_USER_ID>SNC-23</CREATION_USER_ID>
     <CREATION_TIME>20230915075840.500658</CREATION_TIME>
     <LAST_CHG_USER_ID>SNC-23</LAST_CHG_USER_ID>
     <LAST_CHG_TIME>20230915082133.441414</LAST_CHG_TIME>
     <LAST_CHG_STATE>1PXvPjhYHu6U9BwWZ2Jayg==</LAST_CHG_STATE>
     <PLUGIN>/IWBEP/GEN</PLUGIN>
     <STRAT_NAME>0001</STRAT_NAME>
     <STRAT_VERSION>0001</STRAT_VERSION>
     <PROJECT_TYPE>1</PROJECT_TYPE>
    </_-IWBEP_-I_SBD_PR>
   </_-IWBEP_-I_SBD_PR>
   <_-IWBEP_-I_SBD_PRT>
    <_-IWBEP_-I_SBD_PRT>
     <PROJECT>ZC23_EX3</PROJECT>
     <SYLANGU>E</SYLANGU>
     <DESCRIPTION>SYNC SAPUI5 실습평가 3</DESCRIPTION>
    </_-IWBEP_-I_SBD_PRT>
   </_-IWBEP_-I_SBD_PRT>
   <_-IWBEP_-I_SBD_SE>
    <_-IWBEP_-I_SBD_SE>
     <PROJECT>ZC23_EX3</PROJECT>
     <NODE_UUID>1PXvPjhYHu6U87qAxhs5/g==</NODE_UUID>
     <PARENT_UUID>1PXvPjhYHu6U87XeAoWZ/g==</PARENT_UUID>
     <NAME>ConnectionSet</NAME>
     <ENTITY_SET_UUID>1PXvPjhYHu6U87qAxhsZ/g==</ENTITY_SET_UUID>
    </_-IWBEP_-I_SBD_SE>
   </_-IWBEP_-I_SBD_SE>
   <_-IWBEP_-I_SBD_SET>
    <_-IWBEP_-I_SBD_SET>
     <SYLANGU>E</SYLANGU>
     <PROJECT>ZC23_EX3</PROJECT>
     <NODE_UUID>1PXvPjhYHu6U87qAxhs5/g==</NODE_UUID>
    </_-IWBEP_-I_SBD_SET>
   </_-IWBEP_-I_SBD_SET>
   <_-IWBEP_-I_SBD_SV>
    <_-IWBEP_-I_SBD_SV>
     <PROJECT>ZC23_EX3</PROJECT>
     <NODE_UUID>1PXvPjhYHu6U87XeAoWZ/g==</NODE_UUID>
     <TECHNICAL_NAME>ZC23_EX3_SRV</TECHNICAL_NAME>
     <VERSION>0001</VERSION>
     <DPC>ZCL_ZC23_EX3_DPC_EXT</DPC>
     <EXTERNAL_NAME>ZC23_EX3_SRV</EXTERNAL_NAME>
    </_-IWBEP_-I_SBD_SV>
   </_-IWBEP_-I_SBD_SV>
   <_-IWBEP_-I_SBD_SVT>
    <_-IWBEP_-I_SBD_SVT>
     <SYLANGU>E</SYLANGU>
     <PROJECT>ZC23_EX3</PROJECT>
     <NODE_UUID>1PXvPjhYHu6U87XeAoWZ/g==</NODE_UUID>
    </_-IWBEP_-I_SBD_SVT>
   </_-IWBEP_-I_SBD_SVT>
   <_-IWBEP_-I_SBO_ES>
    <_-IWBEP_-I_SBO_ES>
     <PROJECT>ZC23_EX3</PROJECT>
     <NODE_UUID>1PXvPjhYHu6U87qAxhsZ/g==</NODE_UUID>
     <MODEL>1PXvPjhYHu6U87XeAoV5/g==</MODEL>
     <NAME>ConnectionSet</NAME>
     <ENTITY_TYPE>1PXvPjhYHu6U87qAxhk5/g==</ENTITY_TYPE>
     <CREATABLE>X</CREATABLE>
     <DELETABLE>X</DELETABLE>
     <ADDRESSABLE>X</ADDRESSABLE>
     <REF_TYPE>T</REF_TYPE>
     <TECH_NAME>CONNECTIONSET</TECH_NAME>
     <DESCRIPTION_XU>X</DESCRIPTION_XU>
     <IN_SERV_DOCU>X</IN_SERV_DOCU>
    </_-IWBEP_-I_SBO_ES>
   </_-IWBEP_-I_SBO_ES>
   <_-IWBEP_-I_SBO_EST>
    <_-IWBEP_-I_SBO_EST>
     <SYLANGU>E</SYLANGU>
     <PROJECT>ZC23_EX3</PROJECT>
     <NODE_UUID>1PXvPjhYHu6U87qAxhsZ/g==</NODE_UUID>
    </_-IWBEP_-I_SBO_EST>
   </_-IWBEP_-I_SBO_EST>
   <_-IWBEP_-I_SBO_ET>
    <_-IWBEP_-I_SBO_ET>
     <PROJECT>ZC23_EX3</PROJECT>
     <NODE_UUID>1PXvPjhYHu6U87qAxhk5/g==</NODE_UUID>
     <NAME>Connection</NAME>
     <MODEL>1PXvPjhYHu6U87XeAoV5/g==</MODEL>
     <REF_TYPE>T</REF_TYPE>
     <ABAP_STRUCT>ZPFLI_C23</ABAP_STRUCT>
     <TECH_NAME>CONNECTION</TECH_NAME>
     <BASE_TYPE_XU>X</BASE_TYPE_XU>
     <FC_TARGET_PATHXU>X</FC_TARGET_PATHXU>
     <TXTR_XU>X</TXTR_XU>
     <DESCRIPTION_XU>X</DESCRIPTION_XU>
     <ET_LABEL_XU>X</ET_LABEL_XU>
    </_-IWBEP_-I_SBO_ET>
   </_-IWBEP_-I_SBO_ET>
   <_-IWBEP_-I_SBO_ETT>
    <_-IWBEP_-I_SBO_ETT>
     <SYLANGU>E</SYLANGU>
     <PROJECT>ZC23_EX3</PROJECT>
     <NODE_UUID>1PXvPjhYHu6U87qAxhk5/g==</NODE_UUID>
    </_-IWBEP_-I_SBO_ETT>
   </_-IWBEP_-I_SBO_ETT>
   <_-IWBEP_-I_SBO_PR>
    <_-IWBEP_-I_SBO_PR>
     <PROJECT>ZC23_EX3</PROJECT>
     <NODE_UUID>1PXvPjhYHu6U87qAxhlZ/g==</NODE_UUID>
     <PARENT_UUID>1PXvPjhYHu6U87qAxhk5/g==</PARENT_UUID>
     <NAME>Carrid</NAME>
     <IS_KEY>X</IS_KEY>
     <MAX_LENGTH>3</MAX_LENGTH>
     <EDM_CORE_TYPE>Edm.String</EDM_CORE_TYPE>
     <REF_TYPE>T</REF_TYPE>
     <ABAP_FIELD>CARRID</ABAP_FIELD>
     <AS_ETAG_XU>X</AS_ETAG_XU>
     <REQUIREFILTER_XU>X</REQUIREFILTER_XU>
     <UNIT_PROP_XU>X</UNIT_PROP_XU>
     <ABTY_XU>X</ABTY_XU>
     <SORT_ORDER>1</SORT_ORDER>
     <DESCRIPTION_XU>X</DESCRIPTION_XU>
    </_-IWBEP_-I_SBO_PR>
    <_-IWBEP_-I_SBO_PR>
     <PROJECT>ZC23_EX3</PROJECT>
     <NODE_UUID>1PXvPjhYHu6U87qAxhl5/g==</NODE_UUID>
     <PARENT_UUID>1PXvPjhYHu6U87qAxhk5/g==</PARENT_UUID>
     <NAME>Connid</NAME>
     <IS_KEY>X</IS_KEY>
     <MAX_LENGTH>4</MAX_LENGTH>
     <EDM_CORE_TYPE>Edm.String</EDM_CORE_TYPE>
     <REF_TYPE>T</REF_TYPE>
     <ABAP_FIELD>CONNID</ABAP_FIELD>
     <AS_ETAG_XU>X</AS_ETAG_XU>
     <REQUIREFILTER_XU>X</REQUIREFILTER_XU>
     <UNIT_PROP_XU>X</UNIT_PROP_XU>
     <ABTY_XU>X</ABTY_XU>
     <SORT_ORDER>2</SORT_ORDER>
     <DESCRIPTION_XU>X</DESCRIPTION_XU>
    </_-IWBEP_-I_SBO_PR>
    <_-IWBEP_-I_SBO_PR>
     <PROJECT>ZC23_EX3</PROJECT>
     <NODE_UUID>1PXvPjhYHu6U87qAxhmZ/g==</NODE_UUID>
     <PARENT_UUID>1PXvPjhYHu6U87qAxhk5/g==</PARENT_UUID>
     <NAME>Countryfr</NAME>
     <MAX_LENGTH>3</MAX_LENGTH>
     <EDM_CORE_TYPE>Edm.String</EDM_CORE_TYPE>
     <REF_TYPE>T</REF_TYPE>
     <ABAP_FIELD>COUNTRYFR</ABAP_FIELD>
     <AS_ETAG_XU>X</AS_ETAG_XU>
     <REQUIREFILTER_XU>X</REQUIREFILTER_XU>
     <UNIT_PROP_XU>X</UNIT_PROP_XU>
     <ABTY_XU>X</ABTY_XU>
     <SORT_ORDER>3</SORT_ORDER>
     <DESCRIPTION_XU>X</DESCRIPTION_XU>
    </_-IWBEP_-I_SBO_PR>
    <_-IWBEP_-I_SBO_PR>
     <PROJECT>ZC23_EX3</PROJECT>
     <NODE_UUID>1PXvPjhYHu6U87qAxhm5/g==</NODE_UUID>
     <PARENT_UUID>1PXvPjhYHu6U87qAxhk5/g==</PARENT_UUID>
     <NAME>Cityfrom</NAME>
     <MAX_LENGTH>20</MAX_LENGTH>
     <EDM_CORE_TYPE>Edm.String</EDM_CORE_TYPE>
     <REF_TYPE>T</REF_TYPE>
     <ABAP_FIELD>CITYFROM</ABAP_FIELD>
     <AS_ETAG_XU>X</AS_ETAG_XU>
     <REQUIREFILTER_XU>X</REQUIREFILTER_XU>
     <UNIT_PROP_XU>X</UNIT_PROP_XU>
     <ABTY_XU>X</ABTY_XU>
     <SORT_ORDER>4</SORT_ORDER>
     <DESCRIPTION_XU>X</DESCRIPTION_XU>
    </_-IWBEP_-I_SBO_PR>
    <_-IWBEP_-I_SBO_PR>
     <PROJECT>ZC23_EX3</PROJECT>
     <NODE_UUID>1PXvPjhYHu6U87qAxhnZ/g==</NODE_UUID>
     <PARENT_UUID>1PXvPjhYHu6U87qAxhk5/g==</PARENT_UUID>
     <NAME>Airpfrom</NAME>
     <MAX_LENGTH>3</MAX_LENGTH>
     <EDM_CORE_TYPE>Edm.String</EDM_CORE_TYPE>
     <REF_TYPE>T</REF_TYPE>
     <ABAP_FIELD>AIRPFROM</ABAP_FIELD>
     <AS_ETAG_XU>X</AS_ETAG_XU>
     <REQUIREFILTER_XU>X</REQUIREFILTER_XU>
     <UNIT_PROP_XU>X</UNIT_PROP_XU>
     <ABTY_XU>X</ABTY_XU>
     <SORT_ORDER>5</SORT_ORDER>
     <DESCRIPTION_XU>X</DESCRIPTION_XU>
    </_-IWBEP_-I_SBO_PR>
    <_-IWBEP_-I_SBO_PR>
     <PROJECT>ZC23_EX3</PROJECT>
     <NODE_UUID>1PXvPjhYHu6U87qAxhn5/g==</NODE_UUID>
     <PARENT_UUID>1PXvPjhYHu6U87qAxhk5/g==</PARENT_UUID>
     <NAME>Countryto</NAME>
     <MAX_LENGTH>3</MAX_LENGTH>
     <EDM_CORE_TYPE>Edm.String</EDM_CORE_TYPE>
     <REF_TYPE>T</REF_TYPE>
     <ABAP_FIELD>COUNTRYTO</ABAP_FIELD>
     <AS_ETAG_XU>X</AS_ETAG_XU>
     <REQUIREFILTER_XU>X</REQUIREFILTER_XU>
     <UNIT_PROP_XU>X</UNIT_PROP_XU>
     <ABTY_XU>X</ABTY_XU>
     <SORT_ORDER>6</SORT_ORDER>
     <DESCRIPTION_XU>X</DESCRIPTION_XU>
    </_-IWBEP_-I_SBO_PR>
    <_-IWBEP_-I_SBO_PR>
     <PROJECT>ZC23_EX3</PROJECT>
     <NODE_UUID>1PXvPjhYHu6U87qAxhoZ/g==</NODE_UUID>
     <PARENT_UUID>1PXvPjhYHu6U87qAxhk5/g==</PARENT_UUID>
     <NAME>Cityto</NAME>
     <MAX_LENGTH>20</MAX_LENGTH>
     <EDM_CORE_TYPE>Edm.String</EDM_CORE_TYPE>
     <REF_TYPE>T</REF_TYPE>
     <ABAP_FIELD>CITYTO</ABAP_FIELD>
     <AS_ETAG_XU>X</AS_ETAG_XU>
     <REQUIREFILTER_XU>X</REQUIREFILTER_XU>
     <UNIT_PROP_XU>X</UNIT_PROP_XU>
     <ABTY_XU>X</ABTY_XU>
     <SORT_ORDER>7</SORT_ORDER>
     <DESCRIPTION_XU>X</DESCRIPTION_XU>
    </_-IWBEP_-I_SBO_PR>
    <_-IWBEP_-I_SBO_PR>
     <PROJECT>ZC23_EX3</PROJECT>
     <NODE_UUID>1PXvPjhYHu6U87qAxho5/g==</NODE_UUID>
     <PARENT_UUID>1PXvPjhYHu6U87qAxhk5/g==</PARENT_UUID>
     <NAME>Airpto</NAME>
     <MAX_LENGTH>3</MAX_LENGTH>
     <EDM_CORE_TYPE>Edm.String</EDM_CORE_TYPE>
     <REF_TYPE>T</REF_TYPE>
     <ABAP_FIELD>AIRPTO</ABAP_FIELD>
     <AS_ETAG_XU>X</AS_ETAG_XU>
     <REQUIREFILTER_XU>X</REQUIREFILTER_XU>
     <UNIT_PROP_XU>X</UNIT_PROP_XU>
     <ABTY_XU>X</ABTY_XU>
     <SORT_ORDER>8</SORT_ORDER>
     <DESCRIPTION_XU>X</DESCRIPTION_XU>
    </_-IWBEP_-I_SBO_PR>
    <_-IWBEP_-I_SBO_PR>
     <PROJECT>ZC23_EX3</PROJECT>
     <NODE_UUID>1PXvPjhYHu6U87qAxhpZ/g==</NODE_UUID>
     <PARENT_UUID>1PXvPjhYHu6U87qAxhk5/g==</PARENT_UUID>
     <NAME>Deptime</NAME>
     <EDM_CORE_TYPE>Edm.String</EDM_CORE_TYPE>
     <REF_TYPE>T</REF_TYPE>
     <ABAP_FIELD>DEPTIME</ABAP_FIELD>
     <ABTY_XU>X</ABTY_XU>
     <SORT_ORDER>9</SORT_ORDER>
     <DESCRIPTION_XU>X</DESCRIPTION_XU>
    </_-IWBEP_-I_SBO_PR>
    <_-IWBEP_-I_SBO_PR>
     <PROJECT>ZC23_EX3</PROJECT>
     <NODE_UUID>1PXvPjhYHu6U87qAxhp5/g==</NODE_UUID>
     <PARENT_UUID>1PXvPjhYHu6U87qAxhk5/g==</PARENT_UUID>
     <NAME>Arrtime</NAME>
     <EDM_CORE_TYPE>Edm.String</EDM_CORE_TYPE>
     <REF_TYPE>T</REF_TYPE>
     <ABAP_FIELD>ARRTIME</ABAP_FIELD>
     <ABTY_XU>X</ABTY_XU>
     <SORT_ORDER>10</SORT_ORDER>
     <DESCRIPTION_XU>X</DESCRIPTION_XU>
    </_-IWBEP_-I_SBO_PR>
    <_-IWBEP_-I_SBO_PR>
     <PROJECT>ZC23_EX3</PROJECT>
     <NODE_UUID>1PXvPjhYHu6U87qAxhqZ/g==</NODE_UUID>
     <PARENT_UUID>1PXvPjhYHu6U87qAxhk5/g==</PARENT_UUID>
     <NAME>Distance</NAME>
     <PROP_PRECISION>9</PROP_PRECISION>
     <SCALE>4</SCALE>
     <EDM_CORE_TYPE>Edm.Decimal</EDM_CORE_TYPE>
     <REF_TYPE>T</REF_TYPE>
     <ABAP_FIELD>DISTANCE</ABAP_FIELD>
     <AS_ETAG_XU>X</AS_ETAG_XU>
     <REQUIREFILTER_XU>X</REQUIREFILTER_XU>
     <UNIT_PROP_XU>X</UNIT_PROP_XU>
     <ABTY_XU>X</ABTY_XU>
     <SORT_ORDER>11</SORT_ORDER>
     <DESCRIPTION_XU>X</DESCRIPTION_XU>
    </_-IWBEP_-I_SBO_PR>
    <_-IWBEP_-I_SBO_PR>
     <PROJECT>ZC23_EX3</PROJECT>
     <NODE_UUID>1PXvPjhYHu6U87qAxhq5/g==</NODE_UUID>
     <PARENT_UUID>1PXvPjhYHu6U87qAxhk5/g==</PARENT_UUID>
     <NAME>Distid</NAME>
     <MAX_LENGTH>3</MAX_LENGTH>
     <EDM_CORE_TYPE>Edm.String</EDM_CORE_TYPE>
     <REF_TYPE>T</REF_TYPE>
     <ABAP_FIELD>DISTID</ABAP_FIELD>
     <AS_ETAG_XU>X</AS_ETAG_XU>
     <REQUIREFILTER_XU>X</REQUIREFILTER_XU>
     <UNIT_PROP_XU>X</UNIT_PROP_XU>
     <ABTY_XU>X</ABTY_XU>
     <SORT_ORDER>12</SORT_ORDER>
     <DESCRIPTION_XU>X</DESCRIPTION_XU>
    </_-IWBEP_-I_SBO_PR>
    <_-IWBEP_-I_SBO_PR>
     <PROJECT>ZC23_EX3</PROJECT>
     <NODE_UUID>1PXvPjhYHu6U87qAxhrZ/g==</NODE_UUID>
     <PARENT_UUID>1PXvPjhYHu6U87qAxhk5/g==</PARENT_UUID>
     <NAME>Fltype</NAME>
     <MAX_LENGTH>1</MAX_LENGTH>
     <EDM_CORE_TYPE>Edm.String</EDM_CORE_TYPE>
     <REF_TYPE>T</REF_TYPE>
     <ABAP_FIELD>FLTYPE</ABAP_FIELD>
     <AS_ETAG_XU>X</AS_ETAG_XU>
     <REQUIREFILTER_XU>X</REQUIREFILTER_XU>
     <UNIT_PROP_XU>X</UNIT_PROP_XU>
     <ABTY_XU>X</ABTY_XU>
     <SORT_ORDER>13</SORT_ORDER>
     <DESCRIPTION_XU>X</DESCRIPTION_XU>
    </_-IWBEP_-I_SBO_PR>
    <_-IWBEP_-I_SBO_PR>
     <PROJECT>ZC23_EX3</PROJECT>
     <NODE_UUID>1PXvPjhYHu6U87qAxhr5/g==</NODE_UUID>
     <PARENT_UUID>1PXvPjhYHu6U87qAxhk5/g==</PARENT_UUID>
     <NAME>Period</NAME>
     <EDM_CORE_TYPE>Edm.Byte</EDM_CORE_TYPE>
     <REF_TYPE>T</REF_TYPE>
     <ABAP_FIELD>PERIOD</ABAP_FIELD>
     <AS_ETAG_XU>X</AS_ETAG_XU>
     <REQUIREFILTER_XU>X</REQUIREFILTER_XU>
     <UNIT_PROP_XU>X</UNIT_PROP_XU>
     <ABTY_XU>X</ABTY_XU>
     <SORT_ORDER>14</SORT_ORDER>
     <DESCRIPTION_XU>X</DESCRIPTION_XU>
    </_-IWBEP_-I_SBO_PR>
   </_-IWBEP_-I_SBO_PR>
   <_-IWBEP_-I_SBO_PRT>
    <_-IWBEP_-I_SBO_PRT>
     <SYLANGU>E</SYLANGU>
     <PROJECT>ZC23_EX3</PROJECT>
     <NODE_UUID>1PXvPjhYHu6U87qAxhlZ/g==</NODE_UUID>
     <PROP_LABEL>Airline</PROP_LABEL>
    </_-IWBEP_-I_SBO_PRT>
    <_-IWBEP_-I_SBO_PRT>
     <SYLANGU>E</SYLANGU>
     <PROJECT>ZC23_EX3</PROJECT>
     <NODE_UUID>1PXvPjhYHu6U87qAxhl5/g==</NODE_UUID>
     <PROP_LABEL>Flight Number</PROP_LABEL>
    </_-IWBEP_-I_SBO_PRT>
    <_-IWBEP_-I_SBO_PRT>
     <SYLANGU>E</SYLANGU>
     <PROJECT>ZC23_EX3</PROJECT>
     <NODE_UUID>1PXvPjhYHu6U87qAxhmZ/g==</NODE_UUID>
     <PROP_LABEL>Country</PROP_LABEL>
    </_-IWBEP_-I_SBO_PRT>
    <_-IWBEP_-I_SBO_PRT>
     <SYLANGU>E</SYLANGU>
     <PROJECT>ZC23_EX3</PROJECT>
     <NODE_UUID>1PXvPjhYHu6U87qAxhm5/g==</NODE_UUID>
     <PROP_LABEL>Depart.city</PROP_LABEL>
    </_-IWBEP_-I_SBO_PRT>
    <_-IWBEP_-I_SBO_PRT>
     <SYLANGU>E</SYLANGU>
     <PROJECT>ZC23_EX3</PROJECT>
     <NODE_UUID>1PXvPjhYHu6U87qAxhnZ/g==</NODE_UUID>
     <PROP_LABEL>Dep. airport</PROP_LABEL>
    </_-IWBEP_-I_SBO_PRT>
    <_-IWBEP_-I_SBO_PRT>
     <SYLANGU>E</SYLANGU>
     <PROJECT>ZC23_EX3</PROJECT>
     <NODE_UUID>1PXvPjhYHu6U87qAxhn5/g==</NODE_UUID>
     <PROP_LABEL>Country</PROP_LABEL>
    </_-IWBEP_-I_SBO_PRT>
    <_-IWBEP_-I_SBO_PRT>
     <SYLANGU>E</SYLANGU>
     <PROJECT>ZC23_EX3</PROJECT>
     <NODE_UUID>1PXvPjhYHu6U87qAxhoZ/g==</NODE_UUID>
     <PROP_LABEL>Arrival city</PROP_LABEL>
    </_-IWBEP_-I_SBO_PRT>
    <_-IWBEP_-I_SBO_PRT>
     <SYLANGU>E</SYLANGU>
     <PROJECT>ZC23_EX3</PROJECT>
     <NODE_UUID>1PXvPjhYHu6U87qAxho5/g==</NODE_UUID>
     <PROP_LABEL>Dest. airport</PROP_LABEL>
    </_-IWBEP_-I_SBO_PRT>
    <_-IWBEP_-I_SBO_PRT>
     <SYLANGU>E</SYLANGU>
     <PROJECT>ZC23_EX3</PROJECT>
     <NODE_UUID>1PXvPjhYHu6U87qAxhpZ/g==</NODE_UUID>
     <PROP_LABEL>Departure</PROP_LABEL>
    </_-IWBEP_-I_SBO_PRT>
    <_-IWBEP_-I_SBO_PRT>
     <SYLANGU>E</SYLANGU>
     <PROJECT>ZC23_EX3</PROJECT>
     <NODE_UUID>1PXvPjhYHu6U87qAxhp5/g==</NODE_UUID>
     <PROP_LABEL>Arrival Time</PROP_LABEL>
    </_-IWBEP_-I_SBO_PRT>
    <_-IWBEP_-I_SBO_PRT>
     <SYLANGU>E</SYLANGU>
     <PROJECT>ZC23_EX3</PROJECT>
     <NODE_UUID>1PXvPjhYHu6U87qAxhqZ/g==</NODE_UUID>
     <PROP_LABEL>Distance</PROP_LABEL>
    </_-IWBEP_-I_SBO_PRT>
    <_-IWBEP_-I_SBO_PRT>
     <SYLANGU>E</SYLANGU>
     <PROJECT>ZC23_EX3</PROJECT>
     <NODE_UUID>1PXvPjhYHu6U87qAxhq5/g==</NODE_UUID>
     <PROP_LABEL>Distance in</PROP_LABEL>
    </_-IWBEP_-I_SBO_PRT>
    <_-IWBEP_-I_SBO_PRT>
     <SYLANGU>E</SYLANGU>
     <PROJECT>ZC23_EX3</PROJECT>
     <NODE_UUID>1PXvPjhYHu6U87qAxhrZ/g==</NODE_UUID>
     <PROP_LABEL>Charter</PROP_LABEL>
    </_-IWBEP_-I_SBO_PRT>
    <_-IWBEP_-I_SBO_PRT>
     <SYLANGU>E</SYLANGU>
     <PROJECT>ZC23_EX3</PROJECT>
     <NODE_UUID>1PXvPjhYHu6U87qAxhr5/g==</NODE_UUID>
     <PROP_LABEL>n day(s) later</PROP_LABEL>
    </_-IWBEP_-I_SBO_PRT>
   </_-IWBEP_-I_SBO_PRT>
  </asx:values>
 </asx:abap>
</abapGit>
