﻿<?xml version="1.0" encoding="utf-8"?>
<abapGit version="v1.0.0" serializer="LCL_OBJECT_PROG" serializer_version="v1.0.0">
 <asx:abap xmlns:asx="http://www.sap.com/abapxml" version="1.0">
  <asx:values>
   <PROGDIR>
    <NAME>ZC23_EX2_REVIEW</NAME>
    <SUBC>1</SUBC>
    <RLOAD>E</RLOAD>
    <FIXPT>X</FIXPT>
    <UCCHECK>X</UCCHECK>
   </PROGDIR>
   <TPOOL>
    <item>
     <ID>I</ID>
     <KEY>E01</KEY>
     <ENTRY>출발지의 국가&amp;도시 정보가 올바르지 않습니다.</ENTRY>
     <LENGTH>50</LENGTH>
    </item>
    <item>
     <ID>I</ID>
     <KEY>E02</KEY>
     <ENTRY>도착지의 국가&amp;도시 정보가 올바르지 않습니다.</ENTRY>
     <LENGTH>50</LENGTH>
    </item>
    <item>
     <ID>I</ID>
     <KEY>T01</KEY>
     <ENTRY>Selection Options</ENTRY>
     <LENGTH>27</LENGTH>
    </item>
    <item>
     <ID>I</ID>
     <KEY>T02</KEY>
     <ENTRY>Depart. Info</ENTRY>
     <LENGTH>22</LENGTH>
    </item>
    <item>
     <ID>I</ID>
     <KEY>T03</KEY>
     <ENTRY>Arrival Info</ENTRY>
     <LENGTH>22</LENGTH>
    </item>
    <item>
     <ID>R</ID>
     <ENTRY>[EX] 항공편 조회  -  SNC-23</ENTRY>
     <LENGTH>22</LENGTH>
    </item>
    <item>
     <ID>S</ID>
     <KEY>P_CNTFR</KEY>
     <ENTRY>Country</ENTRY>
     <LENGTH>15</LENGTH>
    </item>
    <item>
     <ID>S</ID>
     <KEY>P_CNTTO</KEY>
     <ENTRY>Country</ENTRY>
     <LENGTH>15</LENGTH>
    </item>
    <item>
     <ID>S</ID>
     <KEY>S_CITYFR</KEY>
     <ENTRY>City</ENTRY>
     <LENGTH>12</LENGTH>
    </item>
    <item>
     <ID>S</ID>
     <KEY>S_CITYTO</KEY>
     <ENTRY>City</ENTRY>
     <LENGTH>12</LENGTH>
    </item>
    <item>
     <ID>S</ID>
     <KEY>S_FLDATE</KEY>
     <ENTRY>.</ENTRY>
     <LENGTH>19</LENGTH>
     <SPLIT>D</SPLIT>
    </item>
   </TPOOL>
  </asx:values>
 </asx:abap>
</abapGit>
