﻿<?xml version="1.0" encoding="utf-8"?>
<abapGit version="v1.0.0" serializer="LCL_OBJECT_IWSG" serializer_version="v1.0.0">
 <asx:abap xmlns:asx="http://www.sap.com/abapxml" version="1.0">
  <asx:values>
   <_-IWFND_-I_MED_SIN>
    <_-IWFND_-I_MED_SIN>
     <SRV_IDENTIFIER>ZC23_GW_HW1_REVIEW_SRV_0001</SRV_IDENTIFIER>
     <IS_ACTIVE>A</IS_ACTIVE>
     <NAME>BEP_SVC_EXT_DATA_SRC_TYPE</NAME>
     <VALUE>C</VALUE>
    </_-IWFND_-I_MED_SIN>
    <_-IWFND_-I_MED_SIN>
     <SRV_IDENTIFIER>ZC23_GW_HW1_REVIEW_SRV_0001</SRV_IDENTIFIER>
     <IS_ACTIVE>A</IS_ACTIVE>
     <NAME>BEP_SVC_EXT_SERVICE_NAME</NAME>
     <VALUE>ZC23_GW_HW1_REVIEW_SRV</VALUE>
    </_-IWFND_-I_MED_SIN>
    <_-IWFND_-I_MED_SIN>
     <SRV_IDENTIFIER>ZC23_GW_HW1_REVIEW_SRV_0001</SRV_IDENTIFIER>
     <IS_ACTIVE>A</IS_ACTIVE>
     <NAME>BEP_SVC_GENERATOR</NAME>
     <VALUE>/IWFND/MAINT_SERVICE</VALUE>
    </_-IWFND_-I_MED_SIN>
    <_-IWFND_-I_MED_SIN>
     <SRV_IDENTIFIER>ZC23_GW_HW1_REVIEW_SRV_0001</SRV_IDENTIFIER>
     <IS_ACTIVE>A</IS_ACTIVE>
     <NAME>BEP_SVC_SERVICE_IDENT</NAME>
     <VALUE>ZC23_GW_HW1_REVIEW_SRV_0001</VALUE>
    </_-IWFND_-I_MED_SIN>
    <_-IWFND_-I_MED_SIN>
     <SRV_IDENTIFIER>ZC23_GW_HW1_REVIEW_SRV_0001</SRV_IDENTIFIER>
     <IS_ACTIVE>A</IS_ACTIVE>
     <NAME>BEP_SVC_SERVICE_NAME</NAME>
     <VALUE>ZC23_GW_HW1_REVIEW_SRV</VALUE>
    </_-IWFND_-I_MED_SIN>
    <_-IWFND_-I_MED_SIN>
     <SRV_IDENTIFIER>ZC23_GW_HW1_REVIEW_SRV_0001</SRV_IDENTIFIER>
     <IS_ACTIVE>A</IS_ACTIVE>
     <NAME>BEP_SVC_SERVICE_VERSION</NAME>
     <VALUE>0001</VALUE>
    </_-IWFND_-I_MED_SIN>
    <_-IWFND_-I_MED_SIN>
     <SRV_IDENTIFIER>ZC23_GW_HW1_REVIEW_SRV_0001</SRV_IDENTIFIER>
     <IS_ACTIVE>A</IS_ACTIVE>
     <NAME>BEP_SVC_SOURCE_SYSTEM</NAME>
     <VALUE>LOCAL</VALUE>
    </_-IWFND_-I_MED_SIN>
    <_-IWFND_-I_MED_SIN>
     <SRV_IDENTIFIER>ZC23_GW_HW1_REVIEW_SRV_0001</SRV_IDENTIFIER>
     <IS_ACTIVE>A</IS_ACTIVE>
     <NAME>BEP_SVC_TECHNICAL_NAME</NAME>
     <VALUE>ZC23_GW_HW1_REVIEW_SRV</VALUE>
    </_-IWFND_-I_MED_SIN>
    <_-IWFND_-I_MED_SIN>
     <SRV_IDENTIFIER>ZC23_GW_HW1_REVIEW_SRV_0001</SRV_IDENTIFIER>
     <IS_ACTIVE>A</IS_ACTIVE>
     <NAME>BEP_SVC_VERSION</NAME>
     <VALUE>0001</VALUE>
    </_-IWFND_-I_MED_SIN>
   </_-IWFND_-I_MED_SIN>
   <_-IWFND_-I_MED_SRG>
    <_-IWFND_-I_MED_SRG>
     <SRV_IDENTIFIER>ZC23_GW_HW1_REVIEW_SRV_0001</SRV_IDENTIFIER>
     <IS_ACTIVE>A</IS_ACTIVE>
     <MODEL_IDENTIFIER>ZC23_GW_HW1_REVIEW_MDL_0001_BE</MODEL_IDENTIFIER>
     <FOR_DATA_PROV>01</FOR_DATA_PROV>
    </_-IWFND_-I_MED_SRG>
   </_-IWFND_-I_MED_SRG>
   <_-IWFND_-I_MED_SRH>
    <_-IWFND_-I_MED_SRH>
     <SRV_IDENTIFIER>ZC23_GW_HW1_REVIEW_SRV_0001</SRV_IDENTIFIER>
     <IS_ACTIVE>A</IS_ACTIVE>
     <OBJECT_NAME>ZC23_GW_HW1_REVIEW_SRV</OBJECT_NAME>
     <SERVICE_NAME>ZC23_GW_HW1_REVIEW_SRV</SERVICE_NAME>
     <SERVICE_VERSION>0001</SERVICE_VERSION>
     <SOFT_STATE_STAT>N</SOFT_STATE_STAT>
     <RELEASE_STATUS>NOT_RELEASED</RELEASE_STATUS>
    </_-IWFND_-I_MED_SRH>
   </_-IWFND_-I_MED_SRH>
   <_-IWFND_-I_MED_SRT>
    <_-IWFND_-I_MED_SRT>
     <SRV_IDENTIFIER>ZC23_GW_HW1_REVIEW_SRV_0001</SRV_IDENTIFIER>
     <IS_ACTIVE>A</IS_ACTIVE>
     <LANGUAGE>E</LANGUAGE>
     <DESCRIPTION>SAPUI5 실습과제</DESCRIPTION>
    </_-IWFND_-I_MED_SRT>
   </_-IWFND_-I_MED_SRT>
  </asx:values>
 </asx:abap>
</abapGit>
