﻿<?xml version="1.0" encoding="utf-8"?>
<abapGit version="v1.0.0" serializer="LCL_OBJECT_PROG" serializer_version="v1.0.0">
 <asx:abap xmlns:asx="http://www.sap.com/abapxml" version="1.0">
  <asx:values>
   <PROGDIR>
    <NAME>ZC23_EX02_PRAC</NAME>
    <SUBC>1</SUBC>
    <RLOAD>E</RLOAD>
    <FIXPT>X</FIXPT>
    <UCCHECK>X</UCCHECK>
   </PROGDIR>
   <TPOOL>
    <item>
     <ID>I</ID>
     <KEY>T01</KEY>
     <ENTRY>Selection Condition</ENTRY>
     <LENGTH>29</LENGTH>
    </item>
    <item>
     <ID>I</ID>
     <KEY>T02</KEY>
     <ENTRY>Additional conditions</ENTRY>
     <LENGTH>42</LENGTH>
    </item>
    <item>
     <ID>R</ID>
     <ENTRY>[실전연습] 2022 SYNC ABAP Exam 02</ENTRY>
     <LENGTH>29</LENGTH>
    </item>
    <item>
     <ID>S</ID>
     <KEY>P_CUTYPE</KEY>
     <ENTRY>.</ENTRY>
     <LENGTH>9</LENGTH>
     <SPLIT>D</SPLIT>
    </item>
    <item>
     <ID>S</ID>
     <KEY>RA_ALL</KEY>
     <ENTRY>All Class</ENTRY>
     <LENGTH>17</LENGTH>
    </item>
    <item>
     <ID>S</ID>
     <KEY>RA_BIZ</KEY>
     <ENTRY>Business Class</ENTRY>
     <LENGTH>22</LENGTH>
    </item>
    <item>
     <ID>S</ID>
     <KEY>RA_ECO</KEY>
     <ENTRY>Economy Class</ENTRY>
     <LENGTH>21</LENGTH>
    </item>
    <item>
     <ID>S</ID>
     <KEY>RA_FIR</KEY>
     <ENTRY>First Class</ENTRY>
     <LENGTH>19</LENGTH>
    </item>
    <item>
     <ID>S</ID>
     <KEY>S_CUSTID</KEY>
     <ENTRY>.</ENTRY>
     <LENGTH>9</LENGTH>
     <SPLIT>D</SPLIT>
    </item>
    <item>
     <ID>S</ID>
     <KEY>S_FLDATE</KEY>
     <ENTRY>.</ENTRY>
     <LENGTH>9</LENGTH>
     <SPLIT>D</SPLIT>
    </item>
   </TPOOL>
  </asx:values>
 </asx:abap>
</abapGit>
