﻿<?xml version="1.0" encoding="utf-8"?>
<abapGit version="v1.0.0" serializer="LCL_OBJECT_IWOM" serializer_version="v1.0.0">
 <asx:abap xmlns:asx="http://www.sap.com/abapxml" version="1.0">
  <asx:values>
   <_-IWFND_-I_MED_EMM>
    <_-IWFND_-I_MED_EMM>
     <MODEL_IDENTIFIER>ZC23_GW_HW1_REVIEW_MDL_0001_BE</MODEL_IDENTIFIER>
     <IS_ACTIVE>A</IS_ACTIVE>
     <EXTERNAL_TYPE>C</EXTERNAL_TYPE>
     <EXTERNAL_NAME>ZC23_GW_HW1_REVIEW_SRV</EXTERNAL_NAME>
     <EXT_MODEL_TNAME>ZC23_GW_HW1_REVIEW_MDL_0001</EXT_MODEL_TNAME>
    </_-IWFND_-I_MED_EMM>
   </_-IWFND_-I_MED_EMM>
   <_-IWFND_-I_MED_INH>
    <_-IWFND_-I_MED_INH>
     <MODEL_IDENTIFIER>ZC23_GW_HW1_REVIEW_MDL_0001_BE</MODEL_IDENTIFIER>
     <IS_ACTIVE>A</IS_ACTIVE>
    </_-IWFND_-I_MED_INH>
   </_-IWFND_-I_MED_INH>
   <_-IWFND_-I_MED_OHD>
    <_-IWFND_-I_MED_OHD>
     <MODEL_IDENTIFIER>ZC23_GW_HW1_REVIEW_MDL_0001_BE</MODEL_IDENTIFIER>
     <IS_ACTIVE>A</IS_ACTIVE>
     <MODEL_NAME>ZC23_GW_HW1_REVIEW_MDL</MODEL_NAME>
     <VERSION>0001</VERSION>
     <MODEL_TYPE>BE</MODEL_TYPE>
    </_-IWFND_-I_MED_OHD>
   </_-IWFND_-I_MED_OHD>
   <_-IWFND_-I_MED_OHT>
    <_-IWFND_-I_MED_OHT>
     <MODEL_IDENTIFIER>ZC23_GW_HW1_REVIEW_MDL_0001_BE</MODEL_IDENTIFIER>
     <IS_ACTIVE>A</IS_ACTIVE>
     <LANGUAGE>E</LANGUAGE>
     <DESCRIPTION>SAPUI5 실습과제</DESCRIPTION>
    </_-IWFND_-I_MED_OHT>
   </_-IWFND_-I_MED_OHT>
   <_-IWFND_-I_MGDPIM>
    <_-IWFND_-I_MGDPIM>
     <MODEL_ID>ZC23_GW_HW1_REVIEW_MDL_0001_BE</MODEL_ID>
     <DP_IMPL_TYPE>01</DP_IMPL_TYPE>
     <FOR_SOFT_VERSION>DEFAULT</FOR_SOFT_VERSION>
     <CLASS_NAME>/IWFND/CL_MGW_RUNT_RCLNT_PRXY</CLASS_NAME>
     <DESCRIPTION>SAPUI5 실습과제</DESCRIPTION>
    </_-IWFND_-I_MGDPIM>
   </_-IWFND_-I_MGDPIM>
  </asx:values>
 </asx:abap>
</abapGit>
