﻿<?xml version="1.0" encoding="utf-8"?>
<abapGit version="v1.0.0" serializer="LCL_OBJECT_IWPR" serializer_version="v1.0.0">
 <asx:abap xmlns:asx="http://www.sap.com/abapxml" version="1.0">
  <asx:values>
   <_-IWBEP_-I_SBD_AT>
    <_-IWBEP_-I_SBD_AT>
     <PROJECT>ZC23_GW_HW1</PROJECT>
     <NODE_UUID>1PXvPjhYHu6Tw2nzDwF5YQ==</NODE_UUID>
     <NODE_UUID_PA>1PXvPjhYHu6Tw1UCx755Ow==</NODE_UUID_PA>
     <PLUGIN_PA>/IWBEP/CORE</PLUGIN_PA>
     <NODE_TYPE_PA>PROJ</NODE_TYPE_PA>
     <NAME>GENERATED_METHODS_RDS</NAME>
     <TYPE>V2_RDS</TYPE>
     <MIME_TYPE>XML</MIME_TYPE>
     <VALUE>PD94bWwgdmVyc2lvbj0iMS4wIiBlbmNvZGluZz0idXRmLTgiPz48YXN4OmFiYXAgdmVyc2lvbj0i
MS4wIiB4bWxuczphc3g9Imh0dHA6Ly93d3cuc2FwLmNvbS9hYmFweG1sIj48YXN4OnZhbHVlcz48
R0VOLz48L2FzeDp2YWx1ZXM+PC9hc3g6YWJhcD4=</VALUE>
    </_-IWBEP_-I_SBD_AT>
   </_-IWBEP_-I_SBD_AT>
   <_-IWBEP_-I_SBD_DS>
    <_-IWBEP_-I_SBD_DS>
     <PROJECT>ZC23_GW_HW1</PROJECT>
     <NODE_UUID>1PXvPjhYHu6Tw1dQRFU5PQ==</NODE_UUID>
     <PARENT_UUID>1PXvPjhYHu6Tw1UCx765Ow==</PARENT_UUID>
     <NAME>SPFLI</NAME>
     <DS_TYPE>5</DS_TYPE>
    </_-IWBEP_-I_SBD_DS>
   </_-IWBEP_-I_SBD_DS>
   <_-IWBEP_-I_SBD_DST>
    <_-IWBEP_-I_SBD_DST>
     <SYLANGU>E</SYLANGU>
     <PROJECT>ZC23_GW_HW1</PROJECT>
     <NODE_UUID>1PXvPjhYHu6Tw1dQRFU5PQ==</NODE_UUID>
    </_-IWBEP_-I_SBD_DST>
   </_-IWBEP_-I_SBD_DST>
   <_-IWBEP_-I_SBD_GA>
    <_-IWBEP_-I_SBD_GA>
     <PROJECT>ZC23_GW_HW1</PROJECT>
     <NODE_UUID>1PXvPjhYHu6Tw2ndQt45YQ==</NODE_UUID>
     <NAME>ZCL_ZC23_GW_HW1_MPC</NAME>
     <PGMID>R3TR</PGMID>
     <TROBJ_TYPE>CLAS</TROBJ_TYPE>
     <TROBJ_NAME>ZCL_ZC23_GW_HW1_MPC</TROBJ_NAME>
     <GEN_ART_TYPE>MPCB</GEN_ART_TYPE>
    </_-IWBEP_-I_SBD_GA>
    <_-IWBEP_-I_SBD_GA>
     <PROJECT>ZC23_GW_HW1</PROJECT>
     <NODE_UUID>1PXvPjhYHu6Tw2ndQt5ZYQ==</NODE_UUID>
     <NAME>ZCL_ZC23_GW_HW1_MPC_EXT</NAME>
     <PGMID>R3TR</PGMID>
     <TROBJ_TYPE>CLAS</TROBJ_TYPE>
     <TROBJ_NAME>ZCL_ZC23_GW_HW1_MPC_EXT</TROBJ_NAME>
     <GEN_ART_TYPE>MPCS</GEN_ART_TYPE>
    </_-IWBEP_-I_SBD_GA>
    <_-IWBEP_-I_SBD_GA>
     <PROJECT>ZC23_GW_HW1</PROJECT>
     <NODE_UUID>1PXvPjhYHu6Tw2ndQt55YQ==</NODE_UUID>
     <NAME>ZCL_ZC23_GW_HW1_DPC</NAME>
     <PGMID>R3TR</PGMID>
     <TROBJ_TYPE>CLAS</TROBJ_TYPE>
     <TROBJ_NAME>ZCL_ZC23_GW_HW1_DPC</TROBJ_NAME>
     <GEN_ART_TYPE>DPCB</GEN_ART_TYPE>
    </_-IWBEP_-I_SBD_GA>
    <_-IWBEP_-I_SBD_GA>
     <PROJECT>ZC23_GW_HW1</PROJECT>
     <NODE_UUID>1PXvPjhYHu6Tw2ndQt6ZYQ==</NODE_UUID>
     <NAME>ZCL_ZC23_GW_HW1_DPC_EXT</NAME>
     <PGMID>R3TR</PGMID>
     <TROBJ_TYPE>CLAS</TROBJ_TYPE>
     <TROBJ_NAME>ZCL_ZC23_GW_HW1_DPC_EXT</TROBJ_NAME>
     <GEN_ART_TYPE>DPCS</GEN_ART_TYPE>
    </_-IWBEP_-I_SBD_GA>
    <_-IWBEP_-I_SBD_GA>
     <PROJECT>ZC23_GW_HW1</PROJECT>
     <NODE_UUID>1PXvPjhYHu6Tw2ndQt65YQ==</NODE_UUID>
     <NAME>ZC23_GW_HW1_MDL</NAME>
     <PGMID>R3TR</PGMID>
     <TROBJ_TYPE>IWMO</TROBJ_TYPE>
     <TROBJ_NAME>ZC23_GW_HW1_MDL</TROBJ_NAME>
     <GEN_ART_TYPE>MDL</GEN_ART_TYPE>
    </_-IWBEP_-I_SBD_GA>
    <_-IWBEP_-I_SBD_GA>
     <PROJECT>ZC23_GW_HW1</PROJECT>
     <NODE_UUID>1PXvPjhYHu6Tw2ndQt7ZYQ==</NODE_UUID>
     <NAME>ZC23_GW_HW1_SRV</NAME>
     <PGMID>R3TR</PGMID>
     <TROBJ_TYPE>IWSV</TROBJ_TYPE>
     <TROBJ_NAME>ZC23_GW_HW1_SRV</TROBJ_NAME>
     <GEN_ART_TYPE>SRV</GEN_ART_TYPE>
    </_-IWBEP_-I_SBD_GA>
   </_-IWBEP_-I_SBD_GA>
   <_-IWBEP_-I_SBD_GAT>
    <_-IWBEP_-I_SBD_GAT>
     <SYLANGU>E</SYLANGU>
     <PROJECT>ZC23_GW_HW1</PROJECT>
     <NODE_UUID>1PXvPjhYHu6Tw2ndQt45YQ==</NODE_UUID>
    </_-IWBEP_-I_SBD_GAT>
    <_-IWBEP_-I_SBD_GAT>
     <SYLANGU>E</SYLANGU>
     <PROJECT>ZC23_GW_HW1</PROJECT>
     <NODE_UUID>1PXvPjhYHu6Tw2ndQt5ZYQ==</NODE_UUID>
    </_-IWBEP_-I_SBD_GAT>
    <_-IWBEP_-I_SBD_GAT>
     <SYLANGU>E</SYLANGU>
     <PROJECT>ZC23_GW_HW1</PROJECT>
     <NODE_UUID>1PXvPjhYHu6Tw2ndQt55YQ==</NODE_UUID>
    </_-IWBEP_-I_SBD_GAT>
    <_-IWBEP_-I_SBD_GAT>
     <SYLANGU>E</SYLANGU>
     <PROJECT>ZC23_GW_HW1</PROJECT>
     <NODE_UUID>1PXvPjhYHu6Tw2ndQt6ZYQ==</NODE_UUID>
    </_-IWBEP_-I_SBD_GAT>
    <_-IWBEP_-I_SBD_GAT>
     <SYLANGU>E</SYLANGU>
     <PROJECT>ZC23_GW_HW1</PROJECT>
     <NODE_UUID>1PXvPjhYHu6Tw2ndQt65YQ==</NODE_UUID>
    </_-IWBEP_-I_SBD_GAT>
    <_-IWBEP_-I_SBD_GAT>
     <SYLANGU>E</SYLANGU>
     <PROJECT>ZC23_GW_HW1</PROJECT>
     <NODE_UUID>1PXvPjhYHu6Tw2ndQt7ZYQ==</NODE_UUID>
    </_-IWBEP_-I_SBD_GAT>
   </_-IWBEP_-I_SBD_GAT>
   <_-IWBEP_-I_SBD_MD>
    <_-IWBEP_-I_SBD_MD>
     <PROJECT>ZC23_GW_HW1</PROJECT>
     <NODE_UUID>1PXvPjhYHu6Tw1UCx76ZOw==</NODE_UUID>
     <NODE_UUID_PA>1PXvPjhYHu6Tw1UCx755Ow==</NODE_UUID_PA>
     <PLUGIN_PA>/IWBEP/CORE</PLUGIN_PA>
     <NODE_TYPE_PA>PROJ</NODE_TYPE_PA>
     <TECHNICAL_NAME>ZC23_GW_HW1_MDL</TECHNICAL_NAME>
     <VERSION>0001</VERSION>
     <MPC>ZCL_ZC23_GW_HW1_MPC_EXT</MPC>
     <STATE_NS>S</STATE_NS>
     <VALUE_NS>ZC23_GW_HW1_SRV</VALUE_NS>
    </_-IWBEP_-I_SBD_MD>
   </_-IWBEP_-I_SBD_MD>
   <_-IWBEP_-I_SBD_MDT>
    <_-IWBEP_-I_SBD_MDT>
     <SYLANGU>E</SYLANGU>
     <PROJECT>ZC23_GW_HW1</PROJECT>
     <NODE_UUID>1PXvPjhYHu6Tw1UCx76ZOw==</NODE_UUID>
    </_-IWBEP_-I_SBD_MDT>
   </_-IWBEP_-I_SBD_MDT>
   <_-IWBEP_-I_SBD_NOI>
    <_-IWBEP_-I_SBD_NOI>
     <PROJECT>ZC23_GW_HW1</PROJECT>
     <NODE_UUID>1PXvPjhYHu6Tw1UCx755Ow==</NODE_UUID>
    </_-IWBEP_-I_SBD_NOI>
    <_-IWBEP_-I_SBD_NOI>
     <PROJECT>ZC23_GW_HW1</PROJECT>
     <NODE_UUID>1PXvPjhYHu6Tw1UCx76ZOw==</NODE_UUID>
    </_-IWBEP_-I_SBD_NOI>
    <_-IWBEP_-I_SBD_NOI>
     <PROJECT>ZC23_GW_HW1</PROJECT>
     <NODE_UUID>1PXvPjhYHu6Tw1UCx765Ow==</NODE_UUID>
    </_-IWBEP_-I_SBD_NOI>
    <_-IWBEP_-I_SBD_NOI>
     <PROJECT>ZC23_GW_HW1</PROJECT>
     <NODE_UUID>1PXvPjhYHu6Tw1dQRFU5PQ==</NODE_UUID>
    </_-IWBEP_-I_SBD_NOI>
    <_-IWBEP_-I_SBD_NOI>
     <PROJECT>ZC23_GW_HW1</PROJECT>
     <NODE_UUID>1PXvPjhYHu6Tw1r0+njZPg==</NODE_UUID>
     <TYPE>DASO</TYPE>
     <NAME>D4F5EF3E38581EEE93C357504455393DSPFLI</NAME>
    </_-IWBEP_-I_SBD_NOI>
    <_-IWBEP_-I_SBD_NOI>
     <PROJECT>ZC23_GW_HW1</PROJECT>
     <NODE_UUID>1PXvPjhYHu6Tw1r0+nj5Pg==</NODE_UUID>
     <TYPE>DASO</TYPE>
     <NAME>D4F5EF3E38581EEE93C357504455393DSPFLI\CARRID</NAME>
    </_-IWBEP_-I_SBD_NOI>
    <_-IWBEP_-I_SBD_NOI>
     <PROJECT>ZC23_GW_HW1</PROJECT>
     <NODE_UUID>1PXvPjhYHu6Tw1r0+nkZPg==</NODE_UUID>
     <TYPE>DASO</TYPE>
     <NAME>D4F5EF3E38581EEE93C357504455393DSPFLI\CONNID</NAME>
    </_-IWBEP_-I_SBD_NOI>
    <_-IWBEP_-I_SBD_NOI>
     <PROJECT>ZC23_GW_HW1</PROJECT>
     <NODE_UUID>1PXvPjhYHu6Tw1r0+nk5Pg==</NODE_UUID>
     <TYPE>DASO</TYPE>
     <NAME>D4F5EF3E38581EEE93C357504455393DSPFLI\COUNTRYFR</NAME>
    </_-IWBEP_-I_SBD_NOI>
    <_-IWBEP_-I_SBD_NOI>
     <PROJECT>ZC23_GW_HW1</PROJECT>
     <NODE_UUID>1PXvPjhYHu6Tw1r0+nlZPg==</NODE_UUID>
     <TYPE>DASO</TYPE>
     <NAME>D4F5EF3E38581EEE93C357504455393DSPFLI\CITYFROM</NAME>
    </_-IWBEP_-I_SBD_NOI>
    <_-IWBEP_-I_SBD_NOI>
     <PROJECT>ZC23_GW_HW1</PROJECT>
     <NODE_UUID>1PXvPjhYHu6Tw1r0+nl5Pg==</NODE_UUID>
     <TYPE>DASO</TYPE>
     <NAME>D4F5EF3E38581EEE93C357504455393DSPFLI\AIRPFROM</NAME>
    </_-IWBEP_-I_SBD_NOI>
    <_-IWBEP_-I_SBD_NOI>
     <PROJECT>ZC23_GW_HW1</PROJECT>
     <NODE_UUID>1PXvPjhYHu6Tw1r0+nmZPg==</NODE_UUID>
     <TYPE>DASO</TYPE>
     <NAME>D4F5EF3E38581EEE93C357504455393DSPFLI\COUNTRYTO</NAME>
    </_-IWBEP_-I_SBD_NOI>
    <_-IWBEP_-I_SBD_NOI>
     <PROJECT>ZC23_GW_HW1</PROJECT>
     <NODE_UUID>1PXvPjhYHu6Tw1r0+nm5Pg==</NODE_UUID>
     <TYPE>DASO</TYPE>
     <NAME>D4F5EF3E38581EEE93C357504455393DSPFLI\CITYTO</NAME>
    </_-IWBEP_-I_SBD_NOI>
    <_-IWBEP_-I_SBD_NOI>
     <PROJECT>ZC23_GW_HW1</PROJECT>
     <NODE_UUID>1PXvPjhYHu6Tw1r0+nnZPg==</NODE_UUID>
     <TYPE>DASO</TYPE>
     <NAME>D4F5EF3E38581EEE93C357504455393DSPFLI\AIRPTO</NAME>
    </_-IWBEP_-I_SBD_NOI>
    <_-IWBEP_-I_SBD_NOI>
     <PROJECT>ZC23_GW_HW1</PROJECT>
     <NODE_UUID>1PXvPjhYHu6Tw1r0+nn5Pg==</NODE_UUID>
     <TYPE>DASO</TYPE>
     <NAME>D4F5EF3E38581EEE93C357504455393DSPFLI\FLTIME</NAME>
    </_-IWBEP_-I_SBD_NOI>
    <_-IWBEP_-I_SBD_NOI>
     <PROJECT>ZC23_GW_HW1</PROJECT>
     <NODE_UUID>1PXvPjhYHu6Tw1r0+noZPg==</NODE_UUID>
     <TYPE>DASO</TYPE>
     <NAME>D4F5EF3E38581EEE93C357504455393DSPFLI\DEPTIME</NAME>
    </_-IWBEP_-I_SBD_NOI>
    <_-IWBEP_-I_SBD_NOI>
     <PROJECT>ZC23_GW_HW1</PROJECT>
     <NODE_UUID>1PXvPjhYHu6Tw1r0+no5Pg==</NODE_UUID>
     <TYPE>DASO</TYPE>
     <NAME>D4F5EF3E38581EEE93C357504455393DSPFLI\ARRTIME</NAME>
    </_-IWBEP_-I_SBD_NOI>
    <_-IWBEP_-I_SBD_NOI>
     <PROJECT>ZC23_GW_HW1</PROJECT>
     <NODE_UUID>1PXvPjhYHu6Tw1r0+npZPg==</NODE_UUID>
     <TYPE>DASO</TYPE>
     <NAME>D4F5EF3E38581EEE93C357504455393DSPFLI\DISTANCE</NAME>
    </_-IWBEP_-I_SBD_NOI>
    <_-IWBEP_-I_SBD_NOI>
     <PROJECT>ZC23_GW_HW1</PROJECT>
     <NODE_UUID>1PXvPjhYHu6Tw1r0+np5Pg==</NODE_UUID>
     <TYPE>DASO</TYPE>
     <NAME>D4F5EF3E38581EEE93C357504455393DSPFLI\DISTID</NAME>
    </_-IWBEP_-I_SBD_NOI>
    <_-IWBEP_-I_SBD_NOI>
     <PROJECT>ZC23_GW_HW1</PROJECT>
     <NODE_UUID>1PXvPjhYHu6Tw1r0+nqZPg==</NODE_UUID>
     <TYPE>DASO</TYPE>
     <NAME>D4F5EF3E38581EEE93C357504455393DSPFLI\FLTYPE</NAME>
    </_-IWBEP_-I_SBD_NOI>
    <_-IWBEP_-I_SBD_NOI>
     <PROJECT>ZC23_GW_HW1</PROJECT>
     <NODE_UUID>1PXvPjhYHu6Tw1r0+nq5Pg==</NODE_UUID>
     <TYPE>DASO</TYPE>
     <NAME>D4F5EF3E38581EEE93C357504455393DSPFLI\PERIOD</NAME>
    </_-IWBEP_-I_SBD_NOI>
    <_-IWBEP_-I_SBD_NOI>
     <PROJECT>ZC23_GW_HW1</PROJECT>
     <NODE_UUID>1PXvPjhYHu6Tw1r0+nrZPg==</NODE_UUID>
    </_-IWBEP_-I_SBD_NOI>
    <_-IWBEP_-I_SBD_NOI>
     <PROJECT>ZC23_GW_HW1</PROJECT>
     <NODE_UUID>1PXvPjhYHu6Tw1r0+nr5Pg==</NODE_UUID>
    </_-IWBEP_-I_SBD_NOI>
    <_-IWBEP_-I_SBD_NOI>
     <PROJECT>ZC23_GW_HW1</PROJECT>
     <NODE_UUID>1PXvPjhYHu6Tw1r0+nsZPg==</NODE_UUID>
    </_-IWBEP_-I_SBD_NOI>
    <_-IWBEP_-I_SBD_NOI>
     <PROJECT>ZC23_GW_HW1</PROJECT>
     <NODE_UUID>1PXvPjhYHu6Tw1r0+ns5Pg==</NODE_UUID>
    </_-IWBEP_-I_SBD_NOI>
    <_-IWBEP_-I_SBD_NOI>
     <PROJECT>ZC23_GW_HW1</PROJECT>
     <NODE_UUID>1PXvPjhYHu6Tw1r0+ntZPg==</NODE_UUID>
    </_-IWBEP_-I_SBD_NOI>
    <_-IWBEP_-I_SBD_NOI>
     <PROJECT>ZC23_GW_HW1</PROJECT>
     <NODE_UUID>1PXvPjhYHu6Tw1r0+nt5Pg==</NODE_UUID>
    </_-IWBEP_-I_SBD_NOI>
    <_-IWBEP_-I_SBD_NOI>
     <PROJECT>ZC23_GW_HW1</PROJECT>
     <NODE_UUID>1PXvPjhYHu6Tw1r0+nuZPg==</NODE_UUID>
    </_-IWBEP_-I_SBD_NOI>
    <_-IWBEP_-I_SBD_NOI>
     <PROJECT>ZC23_GW_HW1</PROJECT>
     <NODE_UUID>1PXvPjhYHu6Tw2ndQt45YQ==</NODE_UUID>
    </_-IWBEP_-I_SBD_NOI>
    <_-IWBEP_-I_SBD_NOI>
     <PROJECT>ZC23_GW_HW1</PROJECT>
     <NODE_UUID>1PXvPjhYHu6Tw2ndQt5ZYQ==</NODE_UUID>
    </_-IWBEP_-I_SBD_NOI>
    <_-IWBEP_-I_SBD_NOI>
     <PROJECT>ZC23_GW_HW1</PROJECT>
     <NODE_UUID>1PXvPjhYHu6Tw2ndQt55YQ==</NODE_UUID>
    </_-IWBEP_-I_SBD_NOI>
    <_-IWBEP_-I_SBD_NOI>
     <PROJECT>ZC23_GW_HW1</PROJECT>
     <NODE_UUID>1PXvPjhYHu6Tw2ndQt6ZYQ==</NODE_UUID>
    </_-IWBEP_-I_SBD_NOI>
    <_-IWBEP_-I_SBD_NOI>
     <PROJECT>ZC23_GW_HW1</PROJECT>
     <NODE_UUID>1PXvPjhYHu6Tw2ndQt65YQ==</NODE_UUID>
    </_-IWBEP_-I_SBD_NOI>
    <_-IWBEP_-I_SBD_NOI>
     <PROJECT>ZC23_GW_HW1</PROJECT>
     <NODE_UUID>1PXvPjhYHu6Tw2ndQt7ZYQ==</NODE_UUID>
    </_-IWBEP_-I_SBD_NOI>
    <_-IWBEP_-I_SBD_NOI>
     <PROJECT>ZC23_GW_HW1</PROJECT>
     <NODE_UUID>1PXvPjhYHu6Tw2nzDwF5YQ==</NODE_UUID>
    </_-IWBEP_-I_SBD_NOI>
    <_-IWBEP_-I_SBD_NOI>
     <PROJECT>ZC23_GW_HW1</PROJECT>
     <NODE_UUID>1PXvPjhYHu6T8+N78TiCEw==</NODE_UUID>
    </_-IWBEP_-I_SBD_NOI>
   </_-IWBEP_-I_SBD_NOI>
   <_-IWBEP_-I_SBD_OP>
    <_-IWBEP_-I_SBD_OP>
     <PROJECT>ZC23_GW_HW1</PROJECT>
     <NODE_UUID>1PXvPjhYHu6Tw1r0+nsZPg==</NODE_UUID>
     <PARENT_UUID>1PXvPjhYHu6Tw1r0+nr5Pg==</PARENT_UUID>
     <NAME>Create</NAME>
     <OPERATION_TYPE>C</OPERATION_TYPE>
     <IMP_METHOD>CONNSET_CREATE_ENTITY</IMP_METHOD>
    </_-IWBEP_-I_SBD_OP>
    <_-IWBEP_-I_SBD_OP>
     <PROJECT>ZC23_GW_HW1</PROJECT>
     <NODE_UUID>1PXvPjhYHu6Tw1r0+ns5Pg==</NODE_UUID>
     <PARENT_UUID>1PXvPjhYHu6Tw1r0+nr5Pg==</PARENT_UUID>
     <NAME>GetEntity (Read)</NAME>
     <OPERATION_TYPE>R</OPERATION_TYPE>
     <IMP_METHOD>CONNSET_GET_ENTITY</IMP_METHOD>
    </_-IWBEP_-I_SBD_OP>
    <_-IWBEP_-I_SBD_OP>
     <PROJECT>ZC23_GW_HW1</PROJECT>
     <NODE_UUID>1PXvPjhYHu6Tw1r0+ntZPg==</NODE_UUID>
     <PARENT_UUID>1PXvPjhYHu6Tw1r0+nr5Pg==</PARENT_UUID>
     <NAME>Update</NAME>
     <OPERATION_TYPE>U</OPERATION_TYPE>
     <IMP_METHOD>CONNSET_UPDATE_ENTITY</IMP_METHOD>
    </_-IWBEP_-I_SBD_OP>
    <_-IWBEP_-I_SBD_OP>
     <PROJECT>ZC23_GW_HW1</PROJECT>
     <NODE_UUID>1PXvPjhYHu6Tw1r0+nt5Pg==</NODE_UUID>
     <PARENT_UUID>1PXvPjhYHu6Tw1r0+nr5Pg==</PARENT_UUID>
     <NAME>Delete</NAME>
     <OPERATION_TYPE>D</OPERATION_TYPE>
     <IMP_METHOD>CONNSET_DELETE_ENTITY</IMP_METHOD>
    </_-IWBEP_-I_SBD_OP>
    <_-IWBEP_-I_SBD_OP>
     <PROJECT>ZC23_GW_HW1</PROJECT>
     <NODE_UUID>1PXvPjhYHu6Tw1r0+nuZPg==</NODE_UUID>
     <PARENT_UUID>1PXvPjhYHu6Tw1r0+nr5Pg==</PARENT_UUID>
     <NAME>GetEntitySet (Query)</NAME>
     <OPERATION_TYPE>Q</OPERATION_TYPE>
     <IMP_METHOD>CONNSET_GET_ENTITYSET</IMP_METHOD>
    </_-IWBEP_-I_SBD_OP>
   </_-IWBEP_-I_SBD_OP>
   <_-IWBEP_-I_SBD_OPT>
    <_-IWBEP_-I_SBD_OPT>
     <SYLANGU>E</SYLANGU>
     <PROJECT>ZC23_GW_HW1</PROJECT>
     <NODE_UUID>1PXvPjhYHu6Tw1r0+nsZPg==</NODE_UUID>
    </_-IWBEP_-I_SBD_OPT>
    <_-IWBEP_-I_SBD_OPT>
     <SYLANGU>E</SYLANGU>
     <PROJECT>ZC23_GW_HW1</PROJECT>
     <NODE_UUID>1PXvPjhYHu6Tw1r0+ns5Pg==</NODE_UUID>
    </_-IWBEP_-I_SBD_OPT>
    <_-IWBEP_-I_SBD_OPT>
     <SYLANGU>E</SYLANGU>
     <PROJECT>ZC23_GW_HW1</PROJECT>
     <NODE_UUID>1PXvPjhYHu6Tw1r0+ntZPg==</NODE_UUID>
    </_-IWBEP_-I_SBD_OPT>
    <_-IWBEP_-I_SBD_OPT>
     <SYLANGU>E</SYLANGU>
     <PROJECT>ZC23_GW_HW1</PROJECT>
     <NODE_UUID>1PXvPjhYHu6Tw1r0+nt5Pg==</NODE_UUID>
    </_-IWBEP_-I_SBD_OPT>
    <_-IWBEP_-I_SBD_OPT>
     <SYLANGU>E</SYLANGU>
     <PROJECT>ZC23_GW_HW1</PROJECT>
     <NODE_UUID>1PXvPjhYHu6Tw1r0+nuZPg==</NODE_UUID>
    </_-IWBEP_-I_SBD_OPT>
   </_-IWBEP_-I_SBD_OPT>
   <_-IWBEP_-I_SBD_PR>
    <_-IWBEP_-I_SBD_PR>
     <PROJECT>ZC23_GW_HW1</PROJECT>
     <NODE_UUID>1PXvPjhYHu6Tw1UCx755Ow==</NODE_UUID>
     <CREATION_USER_ID>SNC-23</CREATION_USER_ID>
     <CREATION_TIME>20230908073809.997926</CREATION_TIME>
     <LAST_CHG_USER_ID>SNC-23</LAST_CHG_USER_ID>
     <LAST_CHG_TIME>20230910165633.755188</LAST_CHG_TIME>
     <LAST_CHG_STATE>1PXvPjhYHu6T/1/n7yObbQ==</LAST_CHG_STATE>
     <PLUGIN>/IWBEP/GEN</PLUGIN>
     <STRAT_NAME>0001</STRAT_NAME>
     <STRAT_VERSION>0001</STRAT_VERSION>
     <PROJECT_TYPE>1</PROJECT_TYPE>
    </_-IWBEP_-I_SBD_PR>
   </_-IWBEP_-I_SBD_PR>
   <_-IWBEP_-I_SBD_PRT>
    <_-IWBEP_-I_SBD_PRT>
     <PROJECT>ZC23_GW_HW1</PROJECT>
     <SYLANGU>E</SYLANGU>
     <DESCRIPTION>SAPUI5 실습과제</DESCRIPTION>
    </_-IWBEP_-I_SBD_PRT>
   </_-IWBEP_-I_SBD_PRT>
   <_-IWBEP_-I_SBD_SE>
    <_-IWBEP_-I_SBD_SE>
     <PROJECT>ZC23_GW_HW1</PROJECT>
     <NODE_UUID>1PXvPjhYHu6Tw1r0+nr5Pg==</NODE_UUID>
     <PARENT_UUID>1PXvPjhYHu6Tw1UCx765Ow==</PARENT_UUID>
     <NAME>ConnectionSet</NAME>
     <ENTITY_SET_UUID>1PXvPjhYHu6Tw1r0+nrZPg==</ENTITY_SET_UUID>
    </_-IWBEP_-I_SBD_SE>
   </_-IWBEP_-I_SBD_SE>
   <_-IWBEP_-I_SBD_SET>
    <_-IWBEP_-I_SBD_SET>
     <SYLANGU>E</SYLANGU>
     <PROJECT>ZC23_GW_HW1</PROJECT>
     <NODE_UUID>1PXvPjhYHu6Tw1r0+nr5Pg==</NODE_UUID>
    </_-IWBEP_-I_SBD_SET>
   </_-IWBEP_-I_SBD_SET>
   <_-IWBEP_-I_SBD_SV>
    <_-IWBEP_-I_SBD_SV>
     <PROJECT>ZC23_GW_HW1</PROJECT>
     <NODE_UUID>1PXvPjhYHu6Tw1UCx765Ow==</NODE_UUID>
     <TECHNICAL_NAME>ZC23_GW_HW1_SRV</TECHNICAL_NAME>
     <VERSION>0001</VERSION>
     <DPC>ZCL_ZC23_GW_HW1_DPC_EXT</DPC>
     <EXTERNAL_NAME>ZC23_GW_HW1_SRV</EXTERNAL_NAME>
    </_-IWBEP_-I_SBD_SV>
   </_-IWBEP_-I_SBD_SV>
   <_-IWBEP_-I_SBD_SVT>
    <_-IWBEP_-I_SBD_SVT>
     <SYLANGU>E</SYLANGU>
     <PROJECT>ZC23_GW_HW1</PROJECT>
     <NODE_UUID>1PXvPjhYHu6Tw1UCx765Ow==</NODE_UUID>
    </_-IWBEP_-I_SBD_SVT>
   </_-IWBEP_-I_SBD_SVT>
   <_-IWBEP_-I_SBO_ES>
    <_-IWBEP_-I_SBO_ES>
     <PROJECT>ZC23_GW_HW1</PROJECT>
     <NODE_UUID>1PXvPjhYHu6Tw1r0+nrZPg==</NODE_UUID>
     <MODEL>1PXvPjhYHu6Tw1UCx76ZOw==</MODEL>
     <NAME>ConnSet</NAME>
     <ENTITY_TYPE>1PXvPjhYHu6Tw1r0+njZPg==</ENTITY_TYPE>
     <ADDRESSABLE>X</ADDRESSABLE>
     <REF_TYPE>T</REF_TYPE>
     <TECH_NAME>CONNECTIONSET</TECH_NAME>
     <DESCRIPTION_XU>X</DESCRIPTION_XU>
     <IN_SERV_DOCU>X</IN_SERV_DOCU>
    </_-IWBEP_-I_SBO_ES>
   </_-IWBEP_-I_SBO_ES>
   <_-IWBEP_-I_SBO_EST>
    <_-IWBEP_-I_SBO_EST>
     <SYLANGU>E</SYLANGU>
     <PROJECT>ZC23_GW_HW1</PROJECT>
     <NODE_UUID>1PXvPjhYHu6Tw1r0+nrZPg==</NODE_UUID>
    </_-IWBEP_-I_SBO_EST>
   </_-IWBEP_-I_SBO_EST>
   <_-IWBEP_-I_SBO_ET>
    <_-IWBEP_-I_SBO_ET>
     <PROJECT>ZC23_GW_HW1</PROJECT>
     <NODE_UUID>1PXvPjhYHu6Tw1r0+njZPg==</NODE_UUID>
     <NAME>Conn</NAME>
     <MODEL>1PXvPjhYHu6Tw1UCx76ZOw==</MODEL>
     <REF_TYPE>T</REF_TYPE>
     <ABAP_STRUCT>SPFLI</ABAP_STRUCT>
     <TECH_NAME>CONNECTION</TECH_NAME>
     <DESCRIPTION_XU>X</DESCRIPTION_XU>
    </_-IWBEP_-I_SBO_ET>
   </_-IWBEP_-I_SBO_ET>
   <_-IWBEP_-I_SBO_ETT>
    <_-IWBEP_-I_SBO_ETT>
     <SYLANGU>E</SYLANGU>
     <PROJECT>ZC23_GW_HW1</PROJECT>
     <NODE_UUID>1PXvPjhYHu6Tw1r0+njZPg==</NODE_UUID>
    </_-IWBEP_-I_SBO_ETT>
   </_-IWBEP_-I_SBO_ETT>
   <_-IWBEP_-I_SBO_PR>
    <_-IWBEP_-I_SBO_PR>
     <PROJECT>ZC23_GW_HW1</PROJECT>
     <NODE_UUID>1PXvPjhYHu6Tw1r0+nj5Pg==</NODE_UUID>
     <PARENT_UUID>1PXvPjhYHu6Tw1r0+njZPg==</PARENT_UUID>
     <NAME>Carrid</NAME>
     <IS_KEY>X</IS_KEY>
     <MAX_LENGTH>3</MAX_LENGTH>
     <EDM_CORE_TYPE>Edm.String</EDM_CORE_TYPE>
     <REF_TYPE>T</REF_TYPE>
     <ABAP_FIELD>CARRID</ABAP_FIELD>
     <REQUIREFILTER_XU>X</REQUIREFILTER_XU>
     <UNIT_PROP_XU>X</UNIT_PROP_XU>
     <ABTY_XU>X</ABTY_XU>
     <SORT_ORDER>1</SORT_ORDER>
     <DESCRIPTION_XU>X</DESCRIPTION_XU>
    </_-IWBEP_-I_SBO_PR>
    <_-IWBEP_-I_SBO_PR>
     <PROJECT>ZC23_GW_HW1</PROJECT>
     <NODE_UUID>1PXvPjhYHu6Tw1r0+nkZPg==</NODE_UUID>
     <PARENT_UUID>1PXvPjhYHu6Tw1r0+njZPg==</PARENT_UUID>
     <NAME>Connid</NAME>
     <IS_KEY>X</IS_KEY>
     <MAX_LENGTH>4</MAX_LENGTH>
     <EDM_CORE_TYPE>Edm.String</EDM_CORE_TYPE>
     <REF_TYPE>T</REF_TYPE>
     <ABAP_FIELD>CONNID</ABAP_FIELD>
     <REQUIREFILTER_XU>X</REQUIREFILTER_XU>
     <UNIT_PROP_XU>X</UNIT_PROP_XU>
     <ABTY_XU>X</ABTY_XU>
     <SORT_ORDER>2</SORT_ORDER>
     <DESCRIPTION_XU>X</DESCRIPTION_XU>
    </_-IWBEP_-I_SBO_PR>
    <_-IWBEP_-I_SBO_PR>
     <PROJECT>ZC23_GW_HW1</PROJECT>
     <NODE_UUID>1PXvPjhYHu6Tw1r0+nk5Pg==</NODE_UUID>
     <PARENT_UUID>1PXvPjhYHu6Tw1r0+njZPg==</PARENT_UUID>
     <NAME>Countryfr</NAME>
     <MAX_LENGTH>3</MAX_LENGTH>
     <EDM_CORE_TYPE>Edm.String</EDM_CORE_TYPE>
     <REF_TYPE>T</REF_TYPE>
     <ABAP_FIELD>COUNTRYFR</ABAP_FIELD>
     <REQUIREFILTER_XU>X</REQUIREFILTER_XU>
     <UNIT_PROP_XU>X</UNIT_PROP_XU>
     <ABTY_XU>X</ABTY_XU>
     <SORT_ORDER>3</SORT_ORDER>
     <DESCRIPTION_XU>X</DESCRIPTION_XU>
    </_-IWBEP_-I_SBO_PR>
    <_-IWBEP_-I_SBO_PR>
     <PROJECT>ZC23_GW_HW1</PROJECT>
     <NODE_UUID>1PXvPjhYHu6Tw1r0+nlZPg==</NODE_UUID>
     <PARENT_UUID>1PXvPjhYHu6Tw1r0+njZPg==</PARENT_UUID>
     <NAME>Cityfrom</NAME>
     <MAX_LENGTH>20</MAX_LENGTH>
     <EDM_CORE_TYPE>Edm.String</EDM_CORE_TYPE>
     <REF_TYPE>T</REF_TYPE>
     <ABAP_FIELD>CITYFROM</ABAP_FIELD>
     <REQUIREFILTER_XU>X</REQUIREFILTER_XU>
     <UNIT_PROP_XU>X</UNIT_PROP_XU>
     <ABTY_XU>X</ABTY_XU>
     <SORT_ORDER>4</SORT_ORDER>
     <DESCRIPTION_XU>X</DESCRIPTION_XU>
    </_-IWBEP_-I_SBO_PR>
    <_-IWBEP_-I_SBO_PR>
     <PROJECT>ZC23_GW_HW1</PROJECT>
     <NODE_UUID>1PXvPjhYHu6Tw1r0+nl5Pg==</NODE_UUID>
     <PARENT_UUID>1PXvPjhYHu6Tw1r0+njZPg==</PARENT_UUID>
     <NAME>Airpfrom</NAME>
     <MAX_LENGTH>3</MAX_LENGTH>
     <EDM_CORE_TYPE>Edm.String</EDM_CORE_TYPE>
     <REF_TYPE>T</REF_TYPE>
     <ABAP_FIELD>AIRPFROM</ABAP_FIELD>
     <REQUIREFILTER_XU>X</REQUIREFILTER_XU>
     <UNIT_PROP_XU>X</UNIT_PROP_XU>
     <ABTY_XU>X</ABTY_XU>
     <SORT_ORDER>5</SORT_ORDER>
     <DESCRIPTION_XU>X</DESCRIPTION_XU>
    </_-IWBEP_-I_SBO_PR>
    <_-IWBEP_-I_SBO_PR>
     <PROJECT>ZC23_GW_HW1</PROJECT>
     <NODE_UUID>1PXvPjhYHu6Tw1r0+nmZPg==</NODE_UUID>
     <PARENT_UUID>1PXvPjhYHu6Tw1r0+njZPg==</PARENT_UUID>
     <NAME>Countryto</NAME>
     <MAX_LENGTH>3</MAX_LENGTH>
     <EDM_CORE_TYPE>Edm.String</EDM_CORE_TYPE>
     <REF_TYPE>T</REF_TYPE>
     <ABAP_FIELD>COUNTRYTO</ABAP_FIELD>
     <REQUIREFILTER_XU>X</REQUIREFILTER_XU>
     <UNIT_PROP_XU>X</UNIT_PROP_XU>
     <ABTY_XU>X</ABTY_XU>
     <SORT_ORDER>6</SORT_ORDER>
     <DESCRIPTION_XU>X</DESCRIPTION_XU>
    </_-IWBEP_-I_SBO_PR>
    <_-IWBEP_-I_SBO_PR>
     <PROJECT>ZC23_GW_HW1</PROJECT>
     <NODE_UUID>1PXvPjhYHu6Tw1r0+nm5Pg==</NODE_UUID>
     <PARENT_UUID>1PXvPjhYHu6Tw1r0+njZPg==</PARENT_UUID>
     <NAME>Cityto</NAME>
     <MAX_LENGTH>20</MAX_LENGTH>
     <EDM_CORE_TYPE>Edm.String</EDM_CORE_TYPE>
     <REF_TYPE>T</REF_TYPE>
     <ABAP_FIELD>CITYTO</ABAP_FIELD>
     <REQUIREFILTER_XU>X</REQUIREFILTER_XU>
     <UNIT_PROP_XU>X</UNIT_PROP_XU>
     <ABTY_XU>X</ABTY_XU>
     <SORT_ORDER>7</SORT_ORDER>
     <DESCRIPTION_XU>X</DESCRIPTION_XU>
    </_-IWBEP_-I_SBO_PR>
    <_-IWBEP_-I_SBO_PR>
     <PROJECT>ZC23_GW_HW1</PROJECT>
     <NODE_UUID>1PXvPjhYHu6Tw1r0+nnZPg==</NODE_UUID>
     <PARENT_UUID>1PXvPjhYHu6Tw1r0+njZPg==</PARENT_UUID>
     <NAME>Airpto</NAME>
     <MAX_LENGTH>3</MAX_LENGTH>
     <EDM_CORE_TYPE>Edm.String</EDM_CORE_TYPE>
     <REF_TYPE>T</REF_TYPE>
     <ABAP_FIELD>AIRPTO</ABAP_FIELD>
     <REQUIREFILTER_XU>X</REQUIREFILTER_XU>
     <UNIT_PROP_XU>X</UNIT_PROP_XU>
     <ABTY_XU>X</ABTY_XU>
     <SORT_ORDER>8</SORT_ORDER>
     <DESCRIPTION_XU>X</DESCRIPTION_XU>
    </_-IWBEP_-I_SBO_PR>
    <_-IWBEP_-I_SBO_PR>
     <PROJECT>ZC23_GW_HW1</PROJECT>
     <NODE_UUID>1PXvPjhYHu6Tw1r0+nn5Pg==</NODE_UUID>
     <PARENT_UUID>1PXvPjhYHu6Tw1r0+njZPg==</PARENT_UUID>
     <NAME>Fltime</NAME>
     <EDM_CORE_TYPE>Edm.String</EDM_CORE_TYPE>
     <REF_TYPE>T</REF_TYPE>
     <ABAP_FIELD>FLTIME</ABAP_FIELD>
     <ABTY_XU>X</ABTY_XU>
     <SORT_ORDER>9</SORT_ORDER>
     <DESCRIPTION_XU>X</DESCRIPTION_XU>
    </_-IWBEP_-I_SBO_PR>
    <_-IWBEP_-I_SBO_PR>
     <PROJECT>ZC23_GW_HW1</PROJECT>
     <NODE_UUID>1PXvPjhYHu6Tw1r0+noZPg==</NODE_UUID>
     <PARENT_UUID>1PXvPjhYHu6Tw1r0+njZPg==</PARENT_UUID>
     <NAME>Deptime</NAME>
     <EDM_CORE_TYPE>Edm.String</EDM_CORE_TYPE>
     <REF_TYPE>T</REF_TYPE>
     <ABAP_FIELD>DEPTIME</ABAP_FIELD>
     <ABTY_XU>X</ABTY_XU>
     <SORT_ORDER>10</SORT_ORDER>
     <DESCRIPTION_XU>X</DESCRIPTION_XU>
    </_-IWBEP_-I_SBO_PR>
    <_-IWBEP_-I_SBO_PR>
     <PROJECT>ZC23_GW_HW1</PROJECT>
     <NODE_UUID>1PXvPjhYHu6Tw1r0+no5Pg==</NODE_UUID>
     <PARENT_UUID>1PXvPjhYHu6Tw1r0+njZPg==</PARENT_UUID>
     <NAME>Arrtime</NAME>
     <EDM_CORE_TYPE>Edm.String</EDM_CORE_TYPE>
     <REF_TYPE>T</REF_TYPE>
     <ABAP_FIELD>ARRTIME</ABAP_FIELD>
     <ABTY_XU>X</ABTY_XU>
     <SORT_ORDER>11</SORT_ORDER>
     <DESCRIPTION_XU>X</DESCRIPTION_XU>
    </_-IWBEP_-I_SBO_PR>
    <_-IWBEP_-I_SBO_PR>
     <PROJECT>ZC23_GW_HW1</PROJECT>
     <NODE_UUID>1PXvPjhYHu6Tw1r0+npZPg==</NODE_UUID>
     <PARENT_UUID>1PXvPjhYHu6Tw1r0+njZPg==</PARENT_UUID>
     <NAME>Distance</NAME>
     <PROP_PRECISION>9</PROP_PRECISION>
     <SCALE>4</SCALE>
     <EDM_CORE_TYPE>Edm.Decimal</EDM_CORE_TYPE>
     <REF_TYPE>T</REF_TYPE>
     <ABAP_FIELD>DISTANCE</ABAP_FIELD>
     <REQUIREFILTER_XU>X</REQUIREFILTER_XU>
     <UNIT_PROP_XU>X</UNIT_PROP_XU>
     <ABTY_XU>X</ABTY_XU>
     <SORT_ORDER>12</SORT_ORDER>
     <DESCRIPTION_XU>X</DESCRIPTION_XU>
    </_-IWBEP_-I_SBO_PR>
    <_-IWBEP_-I_SBO_PR>
     <PROJECT>ZC23_GW_HW1</PROJECT>
     <NODE_UUID>1PXvPjhYHu6Tw1r0+np5Pg==</NODE_UUID>
     <PARENT_UUID>1PXvPjhYHu6Tw1r0+njZPg==</PARENT_UUID>
     <NAME>Distid</NAME>
     <MAX_LENGTH>3</MAX_LENGTH>
     <EDM_CORE_TYPE>Edm.String</EDM_CORE_TYPE>
     <REF_TYPE>T</REF_TYPE>
     <ABAP_FIELD>DISTID</ABAP_FIELD>
     <REQUIREFILTER_XU>X</REQUIREFILTER_XU>
     <UNIT_PROP_XU>X</UNIT_PROP_XU>
     <ABTY_XU>X</ABTY_XU>
     <SORT_ORDER>13</SORT_ORDER>
     <DESCRIPTION_XU>X</DESCRIPTION_XU>
    </_-IWBEP_-I_SBO_PR>
    <_-IWBEP_-I_SBO_PR>
     <PROJECT>ZC23_GW_HW1</PROJECT>
     <NODE_UUID>1PXvPjhYHu6Tw1r0+nqZPg==</NODE_UUID>
     <PARENT_UUID>1PXvPjhYHu6Tw1r0+njZPg==</PARENT_UUID>
     <NAME>Fltype</NAME>
     <MAX_LENGTH>1</MAX_LENGTH>
     <EDM_CORE_TYPE>Edm.String</EDM_CORE_TYPE>
     <REF_TYPE>T</REF_TYPE>
     <ABAP_FIELD>FLTYPE</ABAP_FIELD>
     <REQUIREFILTER_XU>X</REQUIREFILTER_XU>
     <UNIT_PROP_XU>X</UNIT_PROP_XU>
     <ABTY_XU>X</ABTY_XU>
     <SORT_ORDER>14</SORT_ORDER>
     <DESCRIPTION_XU>X</DESCRIPTION_XU>
    </_-IWBEP_-I_SBO_PR>
    <_-IWBEP_-I_SBO_PR>
     <PROJECT>ZC23_GW_HW1</PROJECT>
     <NODE_UUID>1PXvPjhYHu6Tw1r0+nq5Pg==</NODE_UUID>
     <PARENT_UUID>1PXvPjhYHu6Tw1r0+njZPg==</PARENT_UUID>
     <NAME>Period</NAME>
     <EDM_CORE_TYPE>Edm.Byte</EDM_CORE_TYPE>
     <REF_TYPE>T</REF_TYPE>
     <ABAP_FIELD>PERIOD</ABAP_FIELD>
     <REQUIREFILTER_XU>X</REQUIREFILTER_XU>
     <UNIT_PROP_XU>X</UNIT_PROP_XU>
     <ABTY_XU>X</ABTY_XU>
     <SORT_ORDER>15</SORT_ORDER>
     <DESCRIPTION_XU>X</DESCRIPTION_XU>
    </_-IWBEP_-I_SBO_PR>
   </_-IWBEP_-I_SBO_PR>
   <_-IWBEP_-I_SBO_PRT>
    <_-IWBEP_-I_SBO_PRT>
     <SYLANGU>E</SYLANGU>
     <PROJECT>ZC23_GW_HW1</PROJECT>
     <NODE_UUID>1PXvPjhYHu6Tw1r0+nj5Pg==</NODE_UUID>
     <PROP_LABEL>Airline</PROP_LABEL>
    </_-IWBEP_-I_SBO_PRT>
    <_-IWBEP_-I_SBO_PRT>
     <SYLANGU>E</SYLANGU>
     <PROJECT>ZC23_GW_HW1</PROJECT>
     <NODE_UUID>1PXvPjhYHu6Tw1r0+nkZPg==</NODE_UUID>
     <PROP_LABEL>Flight Number</PROP_LABEL>
    </_-IWBEP_-I_SBO_PRT>
    <_-IWBEP_-I_SBO_PRT>
     <SYLANGU>E</SYLANGU>
     <PROJECT>ZC23_GW_HW1</PROJECT>
     <NODE_UUID>1PXvPjhYHu6Tw1r0+nk5Pg==</NODE_UUID>
     <PROP_LABEL>Country</PROP_LABEL>
    </_-IWBEP_-I_SBO_PRT>
    <_-IWBEP_-I_SBO_PRT>
     <SYLANGU>E</SYLANGU>
     <PROJECT>ZC23_GW_HW1</PROJECT>
     <NODE_UUID>1PXvPjhYHu6Tw1r0+nlZPg==</NODE_UUID>
     <PROP_LABEL>Depart.city</PROP_LABEL>
    </_-IWBEP_-I_SBO_PRT>
    <_-IWBEP_-I_SBO_PRT>
     <SYLANGU>E</SYLANGU>
     <PROJECT>ZC23_GW_HW1</PROJECT>
     <NODE_UUID>1PXvPjhYHu6Tw1r0+nl5Pg==</NODE_UUID>
     <PROP_LABEL>Dep. airport</PROP_LABEL>
    </_-IWBEP_-I_SBO_PRT>
    <_-IWBEP_-I_SBO_PRT>
     <SYLANGU>E</SYLANGU>
     <PROJECT>ZC23_GW_HW1</PROJECT>
     <NODE_UUID>1PXvPjhYHu6Tw1r0+nmZPg==</NODE_UUID>
     <PROP_LABEL>Country</PROP_LABEL>
    </_-IWBEP_-I_SBO_PRT>
    <_-IWBEP_-I_SBO_PRT>
     <SYLANGU>E</SYLANGU>
     <PROJECT>ZC23_GW_HW1</PROJECT>
     <NODE_UUID>1PXvPjhYHu6Tw1r0+nm5Pg==</NODE_UUID>
     <PROP_LABEL>Arrival city</PROP_LABEL>
    </_-IWBEP_-I_SBO_PRT>
    <_-IWBEP_-I_SBO_PRT>
     <SYLANGU>E</SYLANGU>
     <PROJECT>ZC23_GW_HW1</PROJECT>
     <NODE_UUID>1PXvPjhYHu6Tw1r0+nnZPg==</NODE_UUID>
     <PROP_LABEL>Dest. airport</PROP_LABEL>
    </_-IWBEP_-I_SBO_PRT>
    <_-IWBEP_-I_SBO_PRT>
     <SYLANGU>E</SYLANGU>
     <PROJECT>ZC23_GW_HW1</PROJECT>
     <NODE_UUID>1PXvPjhYHu6Tw1r0+nn5Pg==</NODE_UUID>
     <PROP_LABEL>Flight time</PROP_LABEL>
    </_-IWBEP_-I_SBO_PRT>
    <_-IWBEP_-I_SBO_PRT>
     <SYLANGU>E</SYLANGU>
     <PROJECT>ZC23_GW_HW1</PROJECT>
     <NODE_UUID>1PXvPjhYHu6Tw1r0+noZPg==</NODE_UUID>
     <PROP_LABEL>Departure</PROP_LABEL>
    </_-IWBEP_-I_SBO_PRT>
    <_-IWBEP_-I_SBO_PRT>
     <SYLANGU>E</SYLANGU>
     <PROJECT>ZC23_GW_HW1</PROJECT>
     <NODE_UUID>1PXvPjhYHu6Tw1r0+no5Pg==</NODE_UUID>
     <PROP_LABEL>Arrival Time</PROP_LABEL>
    </_-IWBEP_-I_SBO_PRT>
    <_-IWBEP_-I_SBO_PRT>
     <SYLANGU>E</SYLANGU>
     <PROJECT>ZC23_GW_HW1</PROJECT>
     <NODE_UUID>1PXvPjhYHu6Tw1r0+npZPg==</NODE_UUID>
     <PROP_LABEL>Distance</PROP_LABEL>
    </_-IWBEP_-I_SBO_PRT>
    <_-IWBEP_-I_SBO_PRT>
     <SYLANGU>E</SYLANGU>
     <PROJECT>ZC23_GW_HW1</PROJECT>
     <NODE_UUID>1PXvPjhYHu6Tw1r0+np5Pg==</NODE_UUID>
     <PROP_LABEL>Distance in</PROP_LABEL>
    </_-IWBEP_-I_SBO_PRT>
    <_-IWBEP_-I_SBO_PRT>
     <SYLANGU>E</SYLANGU>
     <PROJECT>ZC23_GW_HW1</PROJECT>
     <NODE_UUID>1PXvPjhYHu6Tw1r0+nqZPg==</NODE_UUID>
     <PROP_LABEL>Charter</PROP_LABEL>
    </_-IWBEP_-I_SBO_PRT>
    <_-IWBEP_-I_SBO_PRT>
     <SYLANGU>E</SYLANGU>
     <PROJECT>ZC23_GW_HW1</PROJECT>
     <NODE_UUID>1PXvPjhYHu6Tw1r0+nq5Pg==</NODE_UUID>
     <PROP_LABEL>n day(s) later</PROP_LABEL>
    </_-IWBEP_-I_SBO_PRT>
   </_-IWBEP_-I_SBO_PRT>
  </asx:values>
 </asx:abap>
</abapGit>
