﻿<?xml version="1.0" encoding="utf-8"?>
<abapGit version="v1.0.0" serializer="LCL_OBJECT_TABL" serializer_version="v1.0.0">
 <asx:abap xmlns:asx="http://www.sap.com/abapxml" version="1.0">
  <asx:values>
   <DD02V>
    <TABNAME>ZDETAIL_C23</TABNAME>
    <DDLANGUAGE>E</DDLANGUAGE>
    <TABCLASS>TRANSP</TABCLASS>
    <CLIDEP>X</CLIDEP>
    <DDTEXT>[HW] 예약정보 관리 SNC-23</DDTEXT>
    <MAINFLAG>X</MAINFLAG>
    <CONTFLAG>A</CONTFLAG>
   </DD02V>
   <DD09L>
    <TABNAME>ZDETAIL_C23</TABNAME>
    <AS4LOCAL>A</AS4LOCAL>
    <TABKAT>0</TABKAT>
    <TABART>APPL0</TABART>
    <BUFALLOW>N</BUFALLOW>
   </DD09L>
   <DD03P_TABLE>
    <DD03P>
     <FIELDNAME>MANDT</FIELDNAME>
     <KEYFLAG>X</KEYFLAG>
     <ROLLNAME>S_MANDT</ROLLNAME>
     <CHECKTABLE>T000</CHECKTABLE>
     <ADMINFIELD>0</ADMINFIELD>
     <NOTNULL>X</NOTNULL>
     <SHLPORIGIN>P</SHLPORIGIN>
     <COMPTYPE>E</COMPTYPE>
    </DD03P>
    <DD03P>
     <FIELDNAME>CARRID</FIELDNAME>
     <KEYFLAG>X</KEYFLAG>
     <ROLLNAME>S_CARR_ID</ROLLNAME>
     <CHECKTABLE>SCARR</CHECKTABLE>
     <ADMINFIELD>0</ADMINFIELD>
     <NOTNULL>X</NOTNULL>
     <SHLPORIGIN>P</SHLPORIGIN>
     <SHLPNAME>S_CARRIER_ID</SHLPNAME>
     <SHLPFIELD>CARRID</SHLPFIELD>
     <COMPTYPE>E</COMPTYPE>
    </DD03P>
    <DD03P>
     <FIELDNAME>CONNID</FIELDNAME>
     <KEYFLAG>X</KEYFLAG>
     <ROLLNAME>S_CONN_ID</ROLLNAME>
     <CHECKTABLE>SPFLI</CHECKTABLE>
     <ADMINFIELD>0</ADMINFIELD>
     <NOTNULL>X</NOTNULL>
     <SHLPORIGIN>P</SHLPORIGIN>
     <COMPTYPE>E</COMPTYPE>
    </DD03P>
    <DD03P>
     <FIELDNAME>FLDATE</FIELDNAME>
     <KEYFLAG>X</KEYFLAG>
     <ROLLNAME>S_DATE</ROLLNAME>
     <CHECKTABLE>SFLIGHT</CHECKTABLE>
     <ADMINFIELD>0</ADMINFIELD>
     <NOTNULL>X</NOTNULL>
     <SHLPORIGIN>P</SHLPORIGIN>
     <COMPTYPE>E</COMPTYPE>
    </DD03P>
    <DD03P>
     <FIELDNAME>BOOKID</FIELDNAME>
     <KEYFLAG>X</KEYFLAG>
     <ROLLNAME>S_BOOK_ID</ROLLNAME>
     <ADMINFIELD>0</ADMINFIELD>
     <NOTNULL>X</NOTNULL>
     <SHLPORIGIN>X</SHLPORIGIN>
     <COMPTYPE>E</COMPTYPE>
    </DD03P>
    <DD03P>
     <FIELDNAME>CUSTOMID</FIELDNAME>
     <ROLLNAME>S_CUSTOMER</ROLLNAME>
     <CHECKTABLE>SCUSTOM</CHECKTABLE>
     <ADMINFIELD>0</ADMINFIELD>
     <NOTNULL>X</NOTNULL>
     <SHLPORIGIN>P</SHLPORIGIN>
     <COMPTYPE>E</COMPTYPE>
    </DD03P>
    <DD03P>
     <FIELDNAME>ORDER_DATE</FIELDNAME>
     <ROLLNAME>S_BDATE</ROLLNAME>
     <ADMINFIELD>0</ADMINFIELD>
     <NOTNULL>X</NOTNULL>
     <SHLPORIGIN>T</SHLPORIGIN>
     <COMPTYPE>E</COMPTYPE>
    </DD03P>
    <DD03P>
     <FIELDNAME>CANCELLED</FIELDNAME>
     <ROLLNAME>S_CANCEL</ROLLNAME>
     <ADMINFIELD>0</ADMINFIELD>
     <NOTNULL>X</NOTNULL>
     <VALEXI>X</VALEXI>
     <SHLPORIGIN>F</SHLPORIGIN>
     <COMPTYPE>E</COMPTYPE>
    </DD03P>
    <DD03P>
     <FIELDNAME>CLASS</FIELDNAME>
     <ROLLNAME>S_CLASS</ROLLNAME>
     <ADMINFIELD>0</ADMINFIELD>
     <NOTNULL>X</NOTNULL>
     <VALEXI>X</VALEXI>
     <SHLPORIGIN>F</SHLPORIGIN>
     <COMPTYPE>E</COMPTYPE>
    </DD03P>
    <DD03P>
     <FIELDNAME>COUNTRYFR</FIELDNAME>
     <ROLLNAME>LAND1</ROLLNAME>
     <CHECKTABLE>SGEOCITY</CHECKTABLE>
     <ADMINFIELD>0</ADMINFIELD>
     <NOTNULL>X</NOTNULL>
     <SHLPORIGIN>P</SHLPORIGIN>
     <COMPTYPE>E</COMPTYPE>
    </DD03P>
    <DD03P>
     <FIELDNAME>CITYFROM</FIELDNAME>
     <ROLLNAME>S_FROM_CIT</ROLLNAME>
     <CHECKTABLE>SGEOCITY</CHECKTABLE>
     <ADMINFIELD>0</ADMINFIELD>
     <NOTNULL>X</NOTNULL>
     <SHLPORIGIN>P</SHLPORIGIN>
     <COMPTYPE>E</COMPTYPE>
    </DD03P>
    <DD03P>
     <FIELDNAME>COUNTRYTO</FIELDNAME>
     <ROLLNAME>LAND1</ROLLNAME>
     <CHECKTABLE>SGEOCITY</CHECKTABLE>
     <ADMINFIELD>0</ADMINFIELD>
     <NOTNULL>X</NOTNULL>
     <SHLPORIGIN>P</SHLPORIGIN>
     <COMPTYPE>E</COMPTYPE>
    </DD03P>
    <DD03P>
     <FIELDNAME>CITYTO</FIELDNAME>
     <ROLLNAME>S_TO_CITY</ROLLNAME>
     <CHECKTABLE>SGEOCITY</CHECKTABLE>
     <ADMINFIELD>0</ADMINFIELD>
     <NOTNULL>X</NOTNULL>
     <SHLPORIGIN>P</SHLPORIGIN>
     <COMPTYPE>E</COMPTYPE>
    </DD03P>
    <DD03P>
     <FIELDNAME>NAME</FIELDNAME>
     <ROLLNAME>S_CUSTNAME</ROLLNAME>
     <ADMINFIELD>0</ADMINFIELD>
     <NOTNULL>X</NOTNULL>
     <COMPTYPE>E</COMPTYPE>
    </DD03P>
    <DD03P>
     <FIELDNAME>FORM</FIELDNAME>
     <ROLLNAME>S_FORM</ROLLNAME>
     <ADMINFIELD>0</ADMINFIELD>
     <NOTNULL>X</NOTNULL>
     <COMPTYPE>E</COMPTYPE>
    </DD03P>
    <DD03P>
     <FIELDNAME>CITY</FIELDNAME>
     <ROLLNAME>CITY</ROLLNAME>
     <ADMINFIELD>0</ADMINFIELD>
     <NOTNULL>X</NOTNULL>
     <COMPTYPE>E</COMPTYPE>
    </DD03P>
    <DD03P>
     <FIELDNAME>COUNTRY</FIELDNAME>
     <ROLLNAME>S_COUNTRY</ROLLNAME>
     <ADMINFIELD>0</ADMINFIELD>
     <NOTNULL>X</NOTNULL>
     <COMPTYPE>E</COMPTYPE>
    </DD03P>
    <DD03P>
     <FIELDNAME>REGION</FIELDNAME>
     <ROLLNAME>S_REGION</ROLLNAME>
     <ADMINFIELD>0</ADMINFIELD>
     <NOTNULL>X</NOTNULL>
     <COMPTYPE>E</COMPTYPE>
    </DD03P>
    <DD03P>
     <FIELDNAME>FORCURAM</FIELDNAME>
     <ROLLNAME>S_F_CUR_PR</ROLLNAME>
     <ADMINFIELD>0</ADMINFIELD>
     <REFTABLE>ZDETAIL_C23</REFTABLE>
     <REFFIELD>FORCURKEY</REFFIELD>
     <NOTNULL>X</NOTNULL>
     <COMPTYPE>E</COMPTYPE>
    </DD03P>
    <DD03P>
     <FIELDNAME>FORCURKEY</FIELDNAME>
     <ROLLNAME>S_CURR</ROLLNAME>
     <CHECKTABLE>SCURX</CHECKTABLE>
     <ADMINFIELD>0</ADMINFIELD>
     <NOTNULL>X</NOTNULL>
     <SHLPORIGIN>P</SHLPORIGIN>
     <COMPTYPE>E</COMPTYPE>
    </DD03P>
    <DD03P>
     <FIELDNAME>LOCCURAM</FIELDNAME>
     <ROLLNAME>S_L_CUR_PR</ROLLNAME>
     <ADMINFIELD>0</ADMINFIELD>
     <REFTABLE>ZDETAIL_C23</REFTABLE>
     <REFFIELD>LOCCURKEY</REFFIELD>
     <NOTNULL>X</NOTNULL>
     <COMPTYPE>E</COMPTYPE>
    </DD03P>
    <DD03P>
     <FIELDNAME>LOCCURKEY</FIELDNAME>
     <ROLLNAME>S_CURRCODE</ROLLNAME>
     <CHECKTABLE>SCURX</CHECKTABLE>
     <ADMINFIELD>0</ADMINFIELD>
     <NOTNULL>X</NOTNULL>
     <SHLPORIGIN>P</SHLPORIGIN>
     <COMPTYPE>E</COMPTYPE>
    </DD03P>
   </DD03P_TABLE>
   <DD05M_TABLE>
    <DD05M>
     <FIELDNAME>CARRID</FIELDNAME>
     <FORTABLE>ZDETAIL_C23</FORTABLE>
     <FORKEY>MANDT</FORKEY>
     <CHECKTABLE>SCARR</CHECKTABLE>
     <CHECKFIELD>MANDT</CHECKFIELD>
     <PRIMPOS>0001</PRIMPOS>
     <DOMNAME>MANDT</DOMNAME>
     <DATATYPE>CLNT</DATATYPE>
    </DD05M>
    <DD05M>
     <FIELDNAME>CARRID</FIELDNAME>
     <FORTABLE>ZDETAIL_C23</FORTABLE>
     <FORKEY>CARRID</FORKEY>
     <CHECKTABLE>SCARR</CHECKTABLE>
     <CHECKFIELD>CARRID</CHECKFIELD>
     <PRIMPOS>0002</PRIMPOS>
     <DOMNAME>S_CARR_ID</DOMNAME>
     <DATATYPE>CHAR</DATATYPE>
    </DD05M>
    <DD05M>
     <FIELDNAME>CITYFROM</FIELDNAME>
     <FORTABLE>ZDETAIL_C23</FORTABLE>
     <FORKEY>MANDT</FORKEY>
     <CHECKTABLE>SGEOCITY</CHECKTABLE>
     <CHECKFIELD>MANDT</CHECKFIELD>
     <PRIMPOS>0001</PRIMPOS>
     <DOMNAME>MANDT</DOMNAME>
     <DATATYPE>CLNT</DATATYPE>
    </DD05M>
    <DD05M>
     <FIELDNAME>CITYFROM</FIELDNAME>
     <FORTABLE>ZDETAIL_C23</FORTABLE>
     <FORKEY>CITYFROM</FORKEY>
     <CHECKTABLE>SGEOCITY</CHECKTABLE>
     <CHECKFIELD>CITY</CHECKFIELD>
     <PRIMPOS>0002</PRIMPOS>
     <DOMNAME>S_CITY</DOMNAME>
     <DATATYPE>CHAR</DATATYPE>
    </DD05M>
    <DD05M>
     <FIELDNAME>CITYFROM</FIELDNAME>
     <FORTABLE>ZDETAIL_C23</FORTABLE>
     <FORKEY>COUNTRYFR</FORKEY>
     <CHECKTABLE>SGEOCITY</CHECKTABLE>
     <CHECKFIELD>COUNTRY</CHECKFIELD>
     <PRIMPOS>0003</PRIMPOS>
     <DOMNAME>LAND1</DOMNAME>
     <DATATYPE>CHAR</DATATYPE>
    </DD05M>
    <DD05M>
     <FIELDNAME>CITYTO</FIELDNAME>
     <FORTABLE>ZDETAIL_C23</FORTABLE>
     <FORKEY>MANDT</FORKEY>
     <CHECKTABLE>SGEOCITY</CHECKTABLE>
     <CHECKFIELD>MANDT</CHECKFIELD>
     <PRIMPOS>0001</PRIMPOS>
     <DOMNAME>MANDT</DOMNAME>
     <DATATYPE>CLNT</DATATYPE>
    </DD05M>
    <DD05M>
     <FIELDNAME>CITYTO</FIELDNAME>
     <FORTABLE>ZDETAIL_C23</FORTABLE>
     <FORKEY>CITYTO</FORKEY>
     <CHECKTABLE>SGEOCITY</CHECKTABLE>
     <CHECKFIELD>CITY</CHECKFIELD>
     <PRIMPOS>0002</PRIMPOS>
     <DOMNAME>S_CITY</DOMNAME>
     <DATATYPE>CHAR</DATATYPE>
    </DD05M>
    <DD05M>
     <FIELDNAME>CITYTO</FIELDNAME>
     <FORTABLE>ZDETAIL_C23</FORTABLE>
     <FORKEY>COUNTRYTO</FORKEY>
     <CHECKTABLE>SGEOCITY</CHECKTABLE>
     <CHECKFIELD>COUNTRY</CHECKFIELD>
     <PRIMPOS>0003</PRIMPOS>
     <DOMNAME>LAND1</DOMNAME>
     <DATATYPE>CHAR</DATATYPE>
    </DD05M>
    <DD05M>
     <FIELDNAME>CONNID</FIELDNAME>
     <FORTABLE>ZDETAIL_C23</FORTABLE>
     <FORKEY>MANDT</FORKEY>
     <CHECKTABLE>SPFLI</CHECKTABLE>
     <CHECKFIELD>MANDT</CHECKFIELD>
     <PRIMPOS>0001</PRIMPOS>
     <DOMNAME>MANDT</DOMNAME>
     <DATATYPE>CLNT</DATATYPE>
    </DD05M>
    <DD05M>
     <FIELDNAME>CONNID</FIELDNAME>
     <FORTABLE>ZDETAIL_C23</FORTABLE>
     <FORKEY>CARRID</FORKEY>
     <CHECKTABLE>SPFLI</CHECKTABLE>
     <CHECKFIELD>CARRID</CHECKFIELD>
     <PRIMPOS>0002</PRIMPOS>
     <DOMNAME>S_CARR_ID</DOMNAME>
     <DATATYPE>CHAR</DATATYPE>
    </DD05M>
    <DD05M>
     <FIELDNAME>CONNID</FIELDNAME>
     <FORTABLE>ZDETAIL_C23</FORTABLE>
     <FORKEY>CONNID</FORKEY>
     <CHECKTABLE>SPFLI</CHECKTABLE>
     <CHECKFIELD>CONNID</CHECKFIELD>
     <PRIMPOS>0003</PRIMPOS>
     <DOMNAME>S_CONN_ID</DOMNAME>
     <DATATYPE>NUMC</DATATYPE>
    </DD05M>
    <DD05M>
     <FIELDNAME>COUNTRYFR</FIELDNAME>
     <FORTABLE>ZDETAIL_C23</FORTABLE>
     <FORKEY>MANDT</FORKEY>
     <CHECKTABLE>SGEOCITY</CHECKTABLE>
     <CHECKFIELD>MANDT</CHECKFIELD>
     <PRIMPOS>0001</PRIMPOS>
     <DOMNAME>MANDT</DOMNAME>
     <DATATYPE>CLNT</DATATYPE>
    </DD05M>
    <DD05M>
     <FIELDNAME>COUNTRYFR</FIELDNAME>
     <FORTABLE>ZDETAIL_C23</FORTABLE>
     <FORKEY>CITYFROM</FORKEY>
     <CHECKTABLE>SGEOCITY</CHECKTABLE>
     <CHECKFIELD>CITY</CHECKFIELD>
     <PRIMPOS>0002</PRIMPOS>
     <DOMNAME>S_CITY</DOMNAME>
     <DATATYPE>CHAR</DATATYPE>
    </DD05M>
    <DD05M>
     <FIELDNAME>COUNTRYFR</FIELDNAME>
     <FORTABLE>ZDETAIL_C23</FORTABLE>
     <FORKEY>COUNTRYFR</FORKEY>
     <CHECKTABLE>SGEOCITY</CHECKTABLE>
     <CHECKFIELD>COUNTRY</CHECKFIELD>
     <PRIMPOS>0003</PRIMPOS>
     <DOMNAME>LAND1</DOMNAME>
     <DATATYPE>CHAR</DATATYPE>
    </DD05M>
    <DD05M>
     <FIELDNAME>COUNTRYTO</FIELDNAME>
     <FORTABLE>ZDETAIL_C23</FORTABLE>
     <FORKEY>MANDT</FORKEY>
     <CHECKTABLE>SGEOCITY</CHECKTABLE>
     <CHECKFIELD>MANDT</CHECKFIELD>
     <PRIMPOS>0001</PRIMPOS>
     <DOMNAME>MANDT</DOMNAME>
     <DATATYPE>CLNT</DATATYPE>
    </DD05M>
    <DD05M>
     <FIELDNAME>COUNTRYTO</FIELDNAME>
     <FORTABLE>ZDETAIL_C23</FORTABLE>
     <FORKEY>CITYTO</FORKEY>
     <CHECKTABLE>SGEOCITY</CHECKTABLE>
     <CHECKFIELD>CITY</CHECKFIELD>
     <PRIMPOS>0002</PRIMPOS>
     <DOMNAME>S_CITY</DOMNAME>
     <DATATYPE>CHAR</DATATYPE>
    </DD05M>
    <DD05M>
     <FIELDNAME>COUNTRYTO</FIELDNAME>
     <FORTABLE>ZDETAIL_C23</FORTABLE>
     <FORKEY>COUNTRYTO</FORKEY>
     <CHECKTABLE>SGEOCITY</CHECKTABLE>
     <CHECKFIELD>COUNTRY</CHECKFIELD>
     <PRIMPOS>0003</PRIMPOS>
     <DOMNAME>LAND1</DOMNAME>
     <DATATYPE>CHAR</DATATYPE>
    </DD05M>
    <DD05M>
     <FIELDNAME>CUSTOMID</FIELDNAME>
     <FORTABLE>ZDETAIL_C23</FORTABLE>
     <FORKEY>MANDT</FORKEY>
     <CHECKTABLE>SCUSTOM</CHECKTABLE>
     <CHECKFIELD>MANDT</CHECKFIELD>
     <PRIMPOS>0001</PRIMPOS>
     <DOMNAME>MANDT</DOMNAME>
     <DATATYPE>CLNT</DATATYPE>
    </DD05M>
    <DD05M>
     <FIELDNAME>CUSTOMID</FIELDNAME>
     <FORTABLE>ZDETAIL_C23</FORTABLE>
     <FORKEY>CUSTOMID</FORKEY>
     <CHECKTABLE>SCUSTOM</CHECKTABLE>
     <CHECKFIELD>ID</CHECKFIELD>
     <PRIMPOS>0002</PRIMPOS>
     <DOMNAME>S_BUSPANUM</DOMNAME>
     <DATATYPE>NUMC</DATATYPE>
    </DD05M>
    <DD05M>
     <FIELDNAME>FLDATE</FIELDNAME>
     <FORTABLE>ZDETAIL_C23</FORTABLE>
     <FORKEY>MANDT</FORKEY>
     <CHECKTABLE>SFLIGHT</CHECKTABLE>
     <CHECKFIELD>MANDT</CHECKFIELD>
     <PRIMPOS>0001</PRIMPOS>
     <DOMNAME>MANDT</DOMNAME>
     <DATATYPE>CLNT</DATATYPE>
    </DD05M>
    <DD05M>
     <FIELDNAME>FLDATE</FIELDNAME>
     <FORTABLE>ZDETAIL_C23</FORTABLE>
     <FORKEY>CARRID</FORKEY>
     <CHECKTABLE>SFLIGHT</CHECKTABLE>
     <CHECKFIELD>CARRID</CHECKFIELD>
     <PRIMPOS>0002</PRIMPOS>
     <DOMNAME>S_CARR_ID</DOMNAME>
     <DATATYPE>CHAR</DATATYPE>
    </DD05M>
    <DD05M>
     <FIELDNAME>FLDATE</FIELDNAME>
     <FORTABLE>ZDETAIL_C23</FORTABLE>
     <FORKEY>CONNID</FORKEY>
     <CHECKTABLE>SFLIGHT</CHECKTABLE>
     <CHECKFIELD>CONNID</CHECKFIELD>
     <PRIMPOS>0003</PRIMPOS>
     <DOMNAME>S_CONN_ID</DOMNAME>
     <DATATYPE>NUMC</DATATYPE>
    </DD05M>
    <DD05M>
     <FIELDNAME>FLDATE</FIELDNAME>
     <FORTABLE>ZDETAIL_C23</FORTABLE>
     <FORKEY>FLDATE</FORKEY>
     <CHECKTABLE>SFLIGHT</CHECKTABLE>
     <CHECKFIELD>FLDATE</CHECKFIELD>
     <PRIMPOS>0004</PRIMPOS>
     <DOMNAME>S_DATE</DOMNAME>
     <DATATYPE>DATS</DATATYPE>
    </DD05M>
    <DD05M>
     <FIELDNAME>FORCURKEY</FIELDNAME>
     <FORTABLE>ZDETAIL_C23</FORTABLE>
     <FORKEY>FORCURKEY</FORKEY>
     <CHECKTABLE>SCURX</CHECKTABLE>
     <CHECKFIELD>CURRKEY</CHECKFIELD>
     <PRIMPOS>0001</PRIMPOS>
     <DOMNAME>S_CURR</DOMNAME>
     <DATATYPE>CUKY</DATATYPE>
    </DD05M>
    <DD05M>
     <FIELDNAME>LOCCURKEY</FIELDNAME>
     <FORTABLE>ZDETAIL_C23</FORTABLE>
     <FORKEY>LOCCURKEY</FORKEY>
     <CHECKTABLE>SCURX</CHECKTABLE>
     <CHECKFIELD>CURRKEY</CHECKFIELD>
     <PRIMPOS>0001</PRIMPOS>
     <DOMNAME>S_CURR</DOMNAME>
     <DATATYPE>CUKY</DATATYPE>
    </DD05M>
    <DD05M>
     <FIELDNAME>MANDT</FIELDNAME>
     <FORTABLE>ZDETAIL_C23</FORTABLE>
     <FORKEY>MANDT</FORKEY>
     <CHECKTABLE>T000</CHECKTABLE>
     <CHECKFIELD>MANDT</CHECKFIELD>
     <PRIMPOS>0001</PRIMPOS>
     <DOMNAME>MANDT</DOMNAME>
     <DATATYPE>CLNT</DATATYPE>
    </DD05M>
   </DD05M_TABLE>
   <DD08V_TABLE>
    <DD08V>
     <FIELDNAME>CARRID</FIELDNAME>
     <CHECKTABLE>SCARR</CHECKTABLE>
     <FRKART>KEY</FRKART>
     <CARD>CN</CARD>
     <CARDLEFT>1</CARDLEFT>
    </DD08V>
    <DD08V>
     <FIELDNAME>CITYFROM</FIELDNAME>
     <CHECKTABLE>SGEOCITY</CHECKTABLE>
     <FRKART>REF</FRKART>
     <CARD>CN</CARD>
     <CARDLEFT>1</CARDLEFT>
    </DD08V>
    <DD08V>
     <FIELDNAME>CITYTO</FIELDNAME>
     <CHECKTABLE>SGEOCITY</CHECKTABLE>
     <FRKART>REF</FRKART>
     <CARD>CN</CARD>
     <CARDLEFT>1</CARDLEFT>
    </DD08V>
    <DD08V>
     <FIELDNAME>CONNID</FIELDNAME>
     <CHECKTABLE>SPFLI</CHECKTABLE>
    </DD08V>
    <DD08V>
     <FIELDNAME>COUNTRYFR</FIELDNAME>
     <CHECKTABLE>SGEOCITY</CHECKTABLE>
     <FRKART>REF</FRKART>
     <CARD>CN</CARD>
     <CARDLEFT>1</CARDLEFT>
    </DD08V>
    <DD08V>
     <FIELDNAME>COUNTRYTO</FIELDNAME>
     <CHECKTABLE>SGEOCITY</CHECKTABLE>
     <FRKART>REF</FRKART>
     <CARD>CN</CARD>
     <CARDLEFT>1</CARDLEFT>
    </DD08V>
    <DD08V>
     <FIELDNAME>CUSTOMID</FIELDNAME>
     <CHECKTABLE>SCUSTOM</CHECKTABLE>
     <FRKART>KEY</FRKART>
     <CARD>CN</CARD>
     <CARDLEFT>1</CARDLEFT>
    </DD08V>
    <DD08V>
     <FIELDNAME>FLDATE</FIELDNAME>
     <CHECKTABLE>SFLIGHT</CHECKTABLE>
     <FRKART>KEY</FRKART>
     <CARD>CN</CARD>
     <CARDLEFT>1</CARDLEFT>
    </DD08V>
    <DD08V>
     <FIELDNAME>FORCURKEY</FIELDNAME>
     <CHECKTABLE>SCURX</CHECKTABLE>
     <FRKART>REF</FRKART>
     <CARD>CN</CARD>
     <CARDLEFT>1</CARDLEFT>
    </DD08V>
    <DD08V>
     <FIELDNAME>LOCCURKEY</FIELDNAME>
     <CHECKTABLE>SCURX</CHECKTABLE>
     <FRKART>REF</FRKART>
     <CARD>CN</CARD>
     <CARDLEFT>1</CARDLEFT>
    </DD08V>
    <DD08V>
     <FIELDNAME>MANDT</FIELDNAME>
     <CHECKTABLE>T000</CHECKTABLE>
    </DD08V>
   </DD08V_TABLE>
   <DD12V>
    <DD12V>
     <SQLTAB>ZDETAIL_C23</SQLTAB>
     <INDEXNAME>Z01</INDEXNAME>
     <AS4LOCAL>A</AS4LOCAL>
     <DDLANGUAGE>E</DDLANGUAGE>
     <DBSTATE>D</DBSTATE>
     <DBINCLEXCL>E</DBINCLEXCL>
     <DBSYSSEL1>HDB</DBSYSSEL1>
     <DDTEXT>Secondary index for departure and destination airport(SPFLI)</DDTEXT>
    </DD12V>
    <DD12V>
     <SQLTAB>ZDETAIL_C23</SQLTAB>
     <INDEXNAME>ZCU</INDEXNAME>
     <AS4LOCAL>A</AS4LOCAL>
     <DDLANGUAGE>E</DDLANGUAGE>
     <DBSTATE>D</DBSTATE>
     <DBINCLEXCL>E</DBINCLEXCL>
     <DBSYSSEL1>HDB</DBSYSSEL1>
     <DDTEXT>Index using customer number(SBOOK)</DDTEXT>
    </DD12V>
    <DD12V>
     <SQLTAB>ZDETAIL_C23</SQLTAB>
     <INDEXNAME>ZFZ</INDEXNAME>
     <AS4LOCAL>A</AS4LOCAL>
     <DDLANGUAGE>E</DDLANGUAGE>
     <DBSTATE>D</DBSTATE>
     <DBINCLEXCL>I</DBINCLEXCL>
     <DBSYSSEL1>HDB</DBSYSSEL1>
     <DDTEXT>Fulltext Index over Customer Name (Fuzzy)(SCUSTOM)</DDTEXT>
    </DD12V>
    <DD12V>
     <SQLTAB>ZDETAIL_C23</SQLTAB>
     <INDEXNAME>ZNA</INDEXNAME>
     <AS4LOCAL>A</AS4LOCAL>
     <DDLANGUAGE>E</DDLANGUAGE>
     <DBSTATE>D</DBSTATE>
     <DBINCLEXCL>E</DBINCLEXCL>
     <DBSYSSEL1>HDB</DBSYSSEL1>
     <DDTEXT>Seach for customer using name(SCUSTOM)</DDTEXT>
    </DD12V>
    <DD12V>
     <SQLTAB>ZDETAIL_C23</SQLTAB>
     <INDEXNAME>ZT1</INDEXNAME>
     <AS4LOCAL>A</AS4LOCAL>
     <DDLANGUAGE>E</DDLANGUAGE>
     <DBSTATE>D</DBSTATE>
     <DBINCLEXCL>I</DBINCLEXCL>
     <DBSYSSEL1>HDB</DBSYSSEL1>
     <DDTEXT>Full Text Index for Searchnig Departure Towns(SPFLI)</DDTEXT>
    </DD12V>
    <DD12V>
     <SQLTAB>ZDETAIL_C23</SQLTAB>
     <INDEXNAME>ZT2</INDEXNAME>
     <AS4LOCAL>A</AS4LOCAL>
     <DDLANGUAGE>E</DDLANGUAGE>
     <DBSTATE>D</DBSTATE>
     <DBINCLEXCL>I</DBINCLEXCL>
     <DBSYSSEL1>HDB</DBSYSSEL1>
     <DDTEXT>Full Text Index for Searching Destinations(SPFLI)</DDTEXT>
    </DD12V>
   </DD12V>
   <DD17V>
    <DD17V>
     <SQLTAB>ZDETAIL_C23</SQLTAB>
     <INDEXNAME>Z01</INDEXNAME>
     <POSITION>0001</POSITION>
     <AS4LOCAL>A</AS4LOCAL>
     <FIELDNAME>MANDT</FIELDNAME>
    </DD17V>
    <DD17V>
     <SQLTAB>ZDETAIL_C23</SQLTAB>
     <INDEXNAME>Z01</INDEXNAME>
     <POSITION>0002</POSITION>
     <AS4LOCAL>A</AS4LOCAL>
     <FIELDNAME>CITYFROM</FIELDNAME>
    </DD17V>
    <DD17V>
     <SQLTAB>ZDETAIL_C23</SQLTAB>
     <INDEXNAME>Z01</INDEXNAME>
     <POSITION>0003</POSITION>
     <AS4LOCAL>A</AS4LOCAL>
     <FIELDNAME>CITYTO</FIELDNAME>
    </DD17V>
    <DD17V>
     <SQLTAB>ZDETAIL_C23</SQLTAB>
     <INDEXNAME>ZCU</INDEXNAME>
     <POSITION>0001</POSITION>
     <AS4LOCAL>A</AS4LOCAL>
     <FIELDNAME>MANDT</FIELDNAME>
    </DD17V>
    <DD17V>
     <SQLTAB>ZDETAIL_C23</SQLTAB>
     <INDEXNAME>ZCU</INDEXNAME>
     <POSITION>0002</POSITION>
     <AS4LOCAL>A</AS4LOCAL>
     <FIELDNAME>CUSTOMID</FIELDNAME>
    </DD17V>
    <DD17V>
     <SQLTAB>ZDETAIL_C23</SQLTAB>
     <INDEXNAME>ZFZ</INDEXNAME>
     <POSITION>0001</POSITION>
     <AS4LOCAL>A</AS4LOCAL>
     <FIELDNAME>NAME</FIELDNAME>
    </DD17V>
    <DD17V>
     <SQLTAB>ZDETAIL_C23</SQLTAB>
     <INDEXNAME>ZNA</INDEXNAME>
     <POSITION>0001</POSITION>
     <AS4LOCAL>A</AS4LOCAL>
     <FIELDNAME>MANDT</FIELDNAME>
    </DD17V>
    <DD17V>
     <SQLTAB>ZDETAIL_C23</SQLTAB>
     <INDEXNAME>ZNA</INDEXNAME>
     <POSITION>0002</POSITION>
     <AS4LOCAL>A</AS4LOCAL>
     <FIELDNAME>NAME</FIELDNAME>
    </DD17V>
    <DD17V>
     <SQLTAB>ZDETAIL_C23</SQLTAB>
     <INDEXNAME>ZT1</INDEXNAME>
     <POSITION>0001</POSITION>
     <AS4LOCAL>A</AS4LOCAL>
     <FIELDNAME>CITYFROM</FIELDNAME>
    </DD17V>
    <DD17V>
     <SQLTAB>ZDETAIL_C23</SQLTAB>
     <INDEXNAME>ZT2</INDEXNAME>
     <POSITION>0001</POSITION>
     <AS4LOCAL>A</AS4LOCAL>
     <FIELDNAME>CITYTO</FIELDNAME>
    </DD17V>
   </DD17V>
   <DD35V_TALE>
    <DD35V>
     <FIELDNAME>BOOKID</FIELDNAME>
     <SHLPNAME>SBOOK</SHLPNAME>
    </DD35V>
   </DD35V_TALE>
   <DD36M>
    <DD36M>
     <FIELDNAME>BOOKID</FIELDNAME>
     <SHLPNAME>SBOOK</SHLPNAME>
     <SHLPFIELD>AGENCYNUM</SHLPFIELD>
     <FLPOSITION>0006</FLPOSITION>
     <SHTYPE>G</SHTYPE>
     <SHLPINPUT>X</SHLPINPUT>
     <SHLPOUTPUT>X</SHLPOUTPUT>
     <ROLLNAME>S_AGNCYNUM</ROLLNAME>
     <DOMNAME>S_BUSPANUM</DOMNAME>
     <DATATYPE>NUMC</DATATYPE>
     <LENG>000008</LENG>
    </DD36M>
    <DD36M>
     <FIELDNAME>BOOKID</FIELDNAME>
     <SHLPNAME>SBOOK</SHLPNAME>
     <SHLPFIELD>BOOKID</SHLPFIELD>
     <FLPOSITION>0004</FLPOSITION>
     <SHTABLE>ZDETAIL_C23</SHTABLE>
     <SHFIELD>BOOKID</SHFIELD>
     <SHLPOUTPUT>X</SHLPOUTPUT>
     <ROLLNAME>S_BOOK_ID</ROLLNAME>
     <DOMNAME>S_BOOK_ID</DOMNAME>
     <DATATYPE>NUMC</DATATYPE>
     <LENG>000008</LENG>
    </DD36M>
    <DD36M>
     <FIELDNAME>BOOKID</FIELDNAME>
     <SHLPNAME>SBOOK</SHLPNAME>
     <SHLPFIELD>CARRID</SHLPFIELD>
     <FLPOSITION>0001</FLPOSITION>
     <SHTABLE>ZDETAIL_C23</SHTABLE>
     <SHFIELD>CARRID</SHFIELD>
     <SHLPOUTPUT>X</SHLPOUTPUT>
     <ROLLNAME>S_CARR_ID</ROLLNAME>
     <DOMNAME>S_CARR_ID</DOMNAME>
     <DATATYPE>CHAR</DATATYPE>
     <LENG>000003</LENG>
    </DD36M>
    <DD36M>
     <FIELDNAME>BOOKID</FIELDNAME>
     <SHLPNAME>SBOOK</SHLPNAME>
     <SHLPFIELD>CONNID</SHLPFIELD>
     <FLPOSITION>0002</FLPOSITION>
     <SHTABLE>ZDETAIL_C23</SHTABLE>
     <SHFIELD>CONNID</SHFIELD>
     <SHLPOUTPUT>X</SHLPOUTPUT>
     <ROLLNAME>S_CONN_ID</ROLLNAME>
     <DOMNAME>S_CONN_ID</DOMNAME>
     <DATATYPE>NUMC</DATATYPE>
     <LENG>000004</LENG>
    </DD36M>
    <DD36M>
     <FIELDNAME>BOOKID</FIELDNAME>
     <SHLPNAME>SBOOK</SHLPNAME>
     <SHLPFIELD>CUSTOMID</SHLPFIELD>
     <FLPOSITION>0005</FLPOSITION>
     <SHTABLE>ZDETAIL_C23</SHTABLE>
     <SHFIELD>CUSTOMID</SHFIELD>
     <SHLPINPUT>X</SHLPINPUT>
     <SHLPOUTPUT>X</SHLPOUTPUT>
     <ROLLNAME>S_CUSTOMER</ROLLNAME>
     <DOMNAME>S_BUSPANUM</DOMNAME>
     <DATATYPE>NUMC</DATATYPE>
     <LENG>000008</LENG>
    </DD36M>
    <DD36M>
     <FIELDNAME>BOOKID</FIELDNAME>
     <SHLPNAME>SBOOK</SHLPNAME>
     <SHLPFIELD>FLDATE</SHLPFIELD>
     <FLPOSITION>0003</FLPOSITION>
     <SHTABLE>ZDETAIL_C23</SHTABLE>
     <SHFIELD>FLDATE</SHFIELD>
     <SHLPOUTPUT>X</SHLPOUTPUT>
     <ROLLNAME>S_DATE</ROLLNAME>
     <DOMNAME>S_DATE</DOMNAME>
     <DATATYPE>DATS</DATATYPE>
     <LENG>000008</LENG>
    </DD36M>
   </DD36M>
  </asx:values>
 </asx:abap>
</abapGit>
