﻿<?xml version="1.0" encoding="utf-8"?>
<abapGit version="v1.0.0" serializer="LCL_OBJECT_DOMA" serializer_version="v1.0.0">
 <asx:abap xmlns:asx="http://www.sap.com/abapxml" version="1.0">
  <asx:values>
   <DD01V>
    <DOMNAME>ZEX_CARR_ID_C23_REV</DOMNAME>
    <DDLANGUAGE>E</DDLANGUAGE>
    <DATATYPE>CHAR</DATATYPE>
    <LENG>000003</LENG>
    <OUTPUTLEN>000003</OUTPUTLEN>
    <ENTITYTAB>ZEX_CARR_C23_REV</ENTITYTAB>
    <DDTEXT>ABAP1 종합평가 리뷰 항공사ID</DDTEXT>
   </DD01V>
  </asx:values>
 </asx:abap>
</abapGit>
