﻿<?xml version="1.0" encoding="utf-8"?>
<abapGit version="v1.0.0" serializer="LCL_OBJECT_TABL" serializer_version="v1.0.0">
 <asx:abap xmlns:asx="http://www.sap.com/abapxml" version="1.0">
  <asx:values>
   <DD02V>
    <TABNAME>ZEX_CARR_C23</TABNAME>
    <DDLANGUAGE>E</DDLANGUAGE>
    <TABCLASS>TRANSP</TABCLASS>
    <CLIDEP>X</CLIDEP>
    <LANGDEP>X</LANGDEP>
    <DDTEXT>ABAP1 종합평가용 Airline</DDTEXT>
    <CONTFLAG>A</CONTFLAG>
   </DD02V>
   <DD09L>
    <TABNAME>ZEX_CARR_C23</TABNAME>
    <AS4LOCAL>A</AS4LOCAL>
    <TABKAT>1</TABKAT>
    <TABART>APPL1</TABART>
    <BUFALLOW>N</BUFALLOW>
   </DD09L>
   <DD03P_TABLE>
    <DD03P>
     <FIELDNAME>MANDT</FIELDNAME>
     <KEYFLAG>X</KEYFLAG>
     <ROLLNAME>S_MANDT</ROLLNAME>
     <CHECKTABLE>T000</CHECKTABLE>
     <ADMINFIELD>0</ADMINFIELD>
     <NOTNULL>X</NOTNULL>
     <SHLPORIGIN>P</SHLPORIGIN>
     <COMPTYPE>E</COMPTYPE>
    </DD03P>
    <DD03P>
     <FIELDNAME>CARRID</FIELDNAME>
     <KEYFLAG>X</KEYFLAG>
     <ROLLNAME>ZEX_CARR_ID_C23</ROLLNAME>
     <ADMINFIELD>0</ADMINFIELD>
     <NOTNULL>X</NOTNULL>
     <SHLPORIGIN>D</SHLPORIGIN>
     <COMPTYPE>E</COMPTYPE>
    </DD03P>
    <DD03P>
     <FIELDNAME>CARRNAME</FIELDNAME>
     <ROLLNAME>S_CARRNAME</ROLLNAME>
     <ADMINFIELD>0</ADMINFIELD>
     <NOTNULL>X</NOTNULL>
     <COMPTYPE>E</COMPTYPE>
    </DD03P>
    <DD03P>
     <FIELDNAME>CURRCODE</FIELDNAME>
     <ROLLNAME>S_CURRCODE</ROLLNAME>
     <ADMINFIELD>0</ADMINFIELD>
     <NOTNULL>X</NOTNULL>
     <COMPTYPE>E</COMPTYPE>
    </DD03P>
    <DD03P>
     <FIELDNAME>URL</FIELDNAME>
     <ROLLNAME>S_CARRURL</ROLLNAME>
     <ADMINFIELD>0</ADMINFIELD>
     <NOTNULL>X</NOTNULL>
     <COMPTYPE>E</COMPTYPE>
    </DD03P>
    <DD03P>
     <FIELDNAME>.INCLUDE</FIELDNAME>
     <ADMINFIELD>0</ADMINFIELD>
     <PRECFIELD>ZEX_INFO_C23</PRECFIELD>
     <NOTNULL>X</NOTNULL>
     <MASK>      S</MASK>
     <DDTEXT>ABAP1 종합평가용 Airline</DDTEXT>
     <COMPTYPE>S</COMPTYPE>
    </DD03P>
   </DD03P_TABLE>
   <DD05M_TABLE>
    <DD05M>
     <FIELDNAME>MANDT</FIELDNAME>
     <FORTABLE>ZEX_CARR_C23</FORTABLE>
     <FORKEY>MANDT</FORKEY>
     <CHECKTABLE>T000</CHECKTABLE>
     <CHECKFIELD>MANDT</CHECKFIELD>
     <PRIMPOS>0001</PRIMPOS>
     <DOMNAME>MANDT</DOMNAME>
     <DATATYPE>CLNT</DATATYPE>
    </DD05M>
   </DD05M_TABLE>
   <DD08V_TABLE>
    <DD08V>
     <FIELDNAME>MANDT</FIELDNAME>
     <CHECKTABLE>T000</CHECKTABLE>
    </DD08V>
   </DD08V_TABLE>
  </asx:values>
 </asx:abap>
</abapGit>
