﻿<?xml version="1.0" encoding="utf-8"?>
<abapGit version="v1.0.0" serializer="LCL_OBJECT_VIEW" serializer_version="v1.0.0">
 <asx:abap xmlns:asx="http://www.sap.com/abapxml" version="1.0">
  <asx:values>
   <DD25V>
    <VIEWNAME>ZEX_CARR_V_C23</VIEWNAME>
    <AS4LOCAL>A</AS4LOCAL>
    <DDLANGUAGE>E</DDLANGUAGE>
    <AGGTYPE>V</AGGTYPE>
    <ROOTTAB>ZEX_CARR_C23</ROOTTAB>
    <DDTEXT>ABAP1 종합평가용 Airline</DDTEXT>
    <VIEWCLASS>C</VIEWCLASS>
    <CUSTOMAUTH>A</CUSTOMAUTH>
    <GLOBALFLAG>X</GLOBALFLAG>
   </DD25V>
   <DD26V_TABLE>
    <DD26V>
     <VIEWNAME>ZEX_CARR_V_C23</VIEWNAME>
     <TABNAME>ZEX_CARR_C23</TABNAME>
     <TABPOS>0001</TABPOS>
     <FORTABNAME>ZEX_CARR_C23</FORTABNAME>
    </DD26V>
    <DD26V>
     <VIEWNAME>ZEX_CARR_V_C23</VIEWNAME>
     <TABNAME>T000</TABNAME>
     <TABPOS>0002</TABPOS>
     <FORTABNAME>ZEX_CARR_C23</FORTABNAME>
     <FORFIELD>MANDT</FORFIELD>
     <FORDIR>E</FORDIR>
    </DD26V>
   </DD26V_TABLE>
   <DD27P_TABLE>
    <DD27P>
     <VIEWFIELD>MANDT</VIEWFIELD>
     <TABNAME>ZEX_CARR_C23</TABNAME>
     <FIELDNAME>MANDT</FIELDNAME>
     <KEYFLAG>X</KEYFLAG>
     <CHECKTABLE>T000</CHECKTABLE>
     <SHLPORIGIN>P</SHLPORIGIN>
    </DD27P>
    <DD27P>
     <VIEWFIELD>CARRID</VIEWFIELD>
     <TABNAME>ZEX_CARR_C23</TABNAME>
     <FIELDNAME>CARRID</FIELDNAME>
     <KEYFLAG>X</KEYFLAG>
     <SHLPORIGIN>D</SHLPORIGIN>
     <SHLPNAME>ZEX_CARRIER_ID_C23</SHLPNAME>
     <SHLPFIELD>CARRID</SHLPFIELD>
    </DD27P>
    <DD27P>
     <VIEWFIELD>CARRNAME</VIEWFIELD>
     <TABNAME>ZEX_CARR_C23</TABNAME>
     <FIELDNAME>CARRNAME</FIELDNAME>
    </DD27P>
    <DD27P>
     <VIEWFIELD>CURRCODE</VIEWFIELD>
     <TABNAME>ZEX_CARR_C23</TABNAME>
     <FIELDNAME>CURRCODE</FIELDNAME>
    </DD27P>
    <DD27P>
     <VIEWFIELD>URL</VIEWFIELD>
     <TABNAME>ZEX_CARR_C23</TABNAME>
     <FIELDNAME>URL</FIELDNAME>
    </DD27P>
    <DD27P>
     <VIEWFIELD>ERDAT</VIEWFIELD>
     <TABNAME>ZEX_CARR_C23</TABNAME>
     <FIELDNAME>ERDAT</FIELDNAME>
     <SHLPORIGIN>T</SHLPORIGIN>
    </DD27P>
    <DD27P>
     <VIEWFIELD>ERZET</VIEWFIELD>
     <TABNAME>ZEX_CARR_C23</TABNAME>
     <FIELDNAME>ERZET</FIELDNAME>
     <SHLPORIGIN>T</SHLPORIGIN>
    </DD27P>
    <DD27P>
     <VIEWFIELD>ERNAM</VIEWFIELD>
     <TABNAME>ZEX_CARR_C23</TABNAME>
     <FIELDNAME>ERNAM</FIELDNAME>
    </DD27P>
    <DD27P>
     <VIEWFIELD>AEDAT</VIEWFIELD>
     <TABNAME>ZEX_CARR_C23</TABNAME>
     <FIELDNAME>AEDAT</FIELDNAME>
     <SHLPORIGIN>T</SHLPORIGIN>
    </DD27P>
    <DD27P>
     <VIEWFIELD>AEZET</VIEWFIELD>
     <TABNAME>ZEX_CARR_C23</TABNAME>
     <FIELDNAME>AEZET</FIELDNAME>
     <SHLPORIGIN>T</SHLPORIGIN>
     <LOGFLAG>X</LOGFLAG>
    </DD27P>
    <DD27P>
     <VIEWFIELD>AENAM</VIEWFIELD>
     <TABNAME>ZEX_CARR_C23</TABNAME>
     <FIELDNAME>AENAM</FIELDNAME>
    </DD27P>
   </DD27P_TABLE>
   <DD28J_TABLE>
    <DD28J>
     <VIEWNAME>ZEX_CARR_V_C23</VIEWNAME>
     <LTAB>T000</LTAB>
     <LFIELD>MANDT</LFIELD>
     <OPERATOR>EQ</OPERATOR>
     <RTAB>ZEX_CARR_C23</RTAB>
     <RFIELD>MANDT</RFIELD>
     <SOURCE>F</SOURCE>
     <FRKTAB>ZEX_CARR_C23</FRKTAB>
     <FRKFIELD>MANDT</FRKFIELD>
     <FRKDIR>E</FRKDIR>
    </DD28J>
   </DD28J_TABLE>
   <DD28V_TABLE>
    <DD28V>
     <CONDNAME>ZEX_CARR_V_C23</CONDNAME>
     <POSITION>0001</POSITION>
     <TABNAME>ZEX_CARR_C23</TABNAME>
     <FIELDNAME>ERDAT</FIELDNAME>
     <OPERATOR>EQ</OPERATOR>
     <CONSTANTS>&apos;F&apos;</CONSTANTS>
     <AND_OR>AND</AND_OR>
    </DD28V>
    <DD28V>
     <CONDNAME>ZEX_CARR_V_C23</CONDNAME>
     <POSITION>0002</POSITION>
     <TABNAME>ZEX_CARR_C23</TABNAME>
     <FIELDNAME>ERZET</FIELDNAME>
     <OPERATOR>EQ</OPERATOR>
     <CONSTANTS>&apos;F&apos;</CONSTANTS>
     <AND_OR>AND</AND_OR>
    </DD28V>
    <DD28V>
     <CONDNAME>ZEX_CARR_V_C23</CONDNAME>
     <POSITION>0003</POSITION>
     <TABNAME>ZEX_CARR_C23</TABNAME>
     <FIELDNAME>ERNAM</FIELDNAME>
     <OPERATOR>EQ</OPERATOR>
     <CONSTANTS>&apos;F&apos;</CONSTANTS>
     <AND_OR>AND</AND_OR>
    </DD28V>
    <DD28V>
     <CONDNAME>ZEX_CARR_V_C23</CONDNAME>
     <POSITION>0004</POSITION>
     <TABNAME>ZEX_CARR_C23</TABNAME>
     <FIELDNAME>AEDAT</FIELDNAME>
     <OPERATOR>EQ</OPERATOR>
     <CONSTANTS>&apos;F&apos;</CONSTANTS>
     <AND_OR>AND</AND_OR>
    </DD28V>
    <DD28V>
     <CONDNAME>ZEX_CARR_V_C23</CONDNAME>
     <POSITION>0005</POSITION>
     <TABNAME>ZEX_CARR_C23</TABNAME>
     <FIELDNAME>AEZET</FIELDNAME>
     <OPERATOR>EQ</OPERATOR>
     <CONSTANTS>&apos;F&apos;</CONSTANTS>
     <AND_OR>AND</AND_OR>
    </DD28V>
    <DD28V>
     <CONDNAME>ZEX_CARR_V_C23</CONDNAME>
     <POSITION>0006</POSITION>
     <TABNAME>ZEX_CARR_C23</TABNAME>
     <FIELDNAME>AENAM</FIELDNAME>
     <OPERATOR>EQ</OPERATOR>
     <CONSTANTS>&apos;F&apos;</CONSTANTS>
    </DD28V>
   </DD28V_TABLE>
  </asx:values>
 </asx:abap>
</abapGit>
