﻿<?xml version="1.0" encoding="utf-8"?>
<abapGit version="v1.0.0" serializer="LCL_OBJECT_SHLP" serializer_version="v1.0.0">
 <asx:abap xmlns:asx="http://www.sap.com/abapxml" version="1.0">
  <asx:values>
   <DD30V>
    <SHLPNAME>ZEX_CARRIER_ID_C23_REV</SHLPNAME>
    <DDLANGUAGE>E</DDLANGUAGE>
    <DDTEXT>ABAP1 종합평가 리뷰 항공사ID Search Help</DDTEXT>
    <ISSIMPLE>X</ISSIMPLE>
    <SELMETHOD>ZEX_CARR_C23_REV</SELMETHOD>
    <SELMTYPE>T</SELMTYPE>
    <DIALOGTYPE>D</DIALOGTYPE>
    <AUTOSUGGEST>X</AUTOSUGGEST>
    <FUZZY_SEARCH>X</FUZZY_SEARCH>
    <FUZZY_SIMILARITY>0.8</FUZZY_SIMILARITY>
   </DD30V>
   <DD32P_TABLE>
    <DD32P>
     <SHLPNAME>ZEX_CARRIER_ID_C23_REV</SHLPNAME>
     <FIELDNAME>CARRID</FIELDNAME>
     <FLPOSITION>0001</FLPOSITION>
     <ROLLNAME>ZEX_CARR_ID_C23_REV</ROLLNAME>
     <SHLPINPUT>X</SHLPINPUT>
     <SHLPOUTPUT>X</SHLPOUTPUT>
     <SHLPSELPOS>01</SHLPSELPOS>
     <SHLPLISPOS>01</SHLPLISPOS>
     <SCRLEN3>40</SCRLEN3>
    </DD32P>
    <DD32P>
     <SHLPNAME>ZEX_CARRIER_ID_C23_REV</SHLPNAME>
     <FIELDNAME>CARRNAME</FIELDNAME>
     <FLPOSITION>0002</FLPOSITION>
     <ROLLNAME>S_CARRNAME</ROLLNAME>
     <SHLPOUTPUT>X</SHLPOUTPUT>
     <SHLPSELPOS>02</SHLPSELPOS>
     <SHLPLISPOS>02</SHLPLISPOS>
     <SCRLEN3>20</SCRLEN3>
    </DD32P>
   </DD32P_TABLE>
  </asx:values>
 </asx:abap>
</abapGit>
