﻿<?xml version="1.0" encoding="utf-8"?>
<abapGit version="v1.0.0" serializer="LCL_OBJECT_DTEL" serializer_version="v1.0.0">
 <asx:abap xmlns:asx="http://www.sap.com/abapxml" version="1.0">
  <asx:values>
   <DD04V>
    <ROLLNAME>ZEX_COUNT_C23</ROLLNAME>
    <DDLANGUAGE>E</DDLANGUAGE>
    <DOMNAME>SYST_LONG</DOMNAME>
    <HEADLEN>06</HEADLEN>
    <SCRLEN1>06</SCRLEN1>
    <SCRLEN2>09</SCRLEN2>
    <SCRLEN3>09</SCRLEN3>
    <DDTEXT>ZC23_EX3  -  Count</DDTEXT>
    <REPTEXT>Count</REPTEXT>
    <SCRTEXT_S>Count</SCRTEXT_S>
    <SCRTEXT_M>Count</SCRTEXT_M>
    <SCRTEXT_L>Count</SCRTEXT_L>
    <DTELMASTER>E</DTELMASTER>
    <REFKIND>D</REFKIND>
   </DD04V>
  </asx:values>
 </asx:abap>
</abapGit>
