﻿<?xml version="1.0" encoding="utf-8"?>
<abapGit version="v1.0.0" serializer="LCL_OBJECT_DTEL" serializer_version="v1.0.0">
 <asx:abap xmlns:asx="http://www.sap.com/abapxml" version="1.0">
  <asx:values>
   <DD04V>
    <ROLLNAME>ZEX_CARR_ID_C23_REV</ROLLNAME>
    <DDLANGUAGE>E</DDLANGUAGE>
    <DOMNAME>ZEX_CARR_ID_C23_REV</DOMNAME>
    <MEMORYID>CAR</MEMORYID>
    <HEADLEN>03</HEADLEN>
    <SCRLEN1>10</SCRLEN1>
    <SCRLEN2>20</SCRLEN2>
    <SCRLEN3>40</SCRLEN3>
    <DDTEXT>ABAP1 종합평가 리뷰 항공사ID</DDTEXT>
    <REPTEXT>ID</REPTEXT>
    <SCRTEXT_S>Carrier</SCRTEXT_S>
    <SCRTEXT_M>Airline</SCRTEXT_M>
    <SCRTEXT_L>Airline</SCRTEXT_L>
    <DTELMASTER>E</DTELMASTER>
    <SHLPNAME>ZEX_CARRIER_ID_C23_REV</SHLPNAME>
    <SHLPFIELD>CARRID</SHLPFIELD>
    <REFKIND>D</REFKIND>
   </DD04V>
  </asx:values>
 </asx:abap>
</abapGit>
