﻿<?xml version="1.0" encoding="utf-8"?>
<abapGit version="v1.0.0" serializer="LCL_OBJECT_DTEL" serializer_version="v1.0.0">
 <asx:abap xmlns:asx="http://www.sap.com/abapxml" version="1.0">
  <asx:values>
   <DD04V>
    <ROLLNAME>ZEX_CARRID_ID_C23</ROLLNAME>
    <DDLANGUAGE>E</DDLANGUAGE>
    <DOMNAME>S_CARR_ID</DOMNAME>
    <HEADLEN>02</HEADLEN>
    <SCRLEN1>07</SCRLEN1>
    <SCRLEN2>16</SCRLEN2>
    <SCRLEN3>16</SCRLEN3>
    <DDTEXT>ABAP1 종합평가용 Airline Code</DDTEXT>
    <REPTEXT>ID</REPTEXT>
    <SCRTEXT_S>Carrier</SCRTEXT_S>
    <SCRTEXT_M>Airline</SCRTEXT_M>
    <SCRTEXT_L>Airline</SCRTEXT_L>
    <DTELMASTER>E</DTELMASTER>
    <REFKIND>D</REFKIND>
   </DD04V>
  </asx:values>
 </asx:abap>
</abapGit>
