﻿<?xml version="1.0" encoding="utf-8"?>
<abapGit version="v1.0.0" serializer="LCL_OBJECT_VIEW" serializer_version="v1.0.0">
 <asx:abap xmlns:asx="http://www.sap.com/abapxml" version="1.0">
  <asx:values>
   <DD25V>
    <VIEWNAME>ZEX_CARR_V_C23_R</VIEWNAME>
    <AS4LOCAL>A</AS4LOCAL>
    <DDLANGUAGE>E</DDLANGUAGE>
    <AGGTYPE>V</AGGTYPE>
    <ROOTTAB>ZEX_CARR_C23_REV</ROOTTAB>
    <DDTEXT>ABAP1 종합평가 리뷰 항공사 유지보수뷰</DDTEXT>
    <VIEWCLASS>C</VIEWCLASS>
    <CUSTOMAUTH>A</CUSTOMAUTH>
    <GLOBALFLAG>X</GLOBALFLAG>
   </DD25V>
   <DD26V_TABLE>
    <DD26V>
     <VIEWNAME>ZEX_CARR_V_C23_R</VIEWNAME>
     <TABNAME>ZEX_CARR_C23_REV</TABNAME>
     <TABPOS>0001</TABPOS>
     <FORTABNAME>ZEX_CARR_C23_REV</FORTABNAME>
    </DD26V>
   </DD26V_TABLE>
   <DD27P_TABLE>
    <DD27P>
     <VIEWFIELD>MANDT</VIEWFIELD>
     <TABNAME>ZEX_CARR_C23_REV</TABNAME>
     <FIELDNAME>MANDT</FIELDNAME>
     <KEYFLAG>X</KEYFLAG>
     <CHECKTABLE>T000</CHECKTABLE>
     <SHLPORIGIN>P</SHLPORIGIN>
    </DD27P>
    <DD27P>
     <VIEWFIELD>CARRID</VIEWFIELD>
     <TABNAME>ZEX_CARR_C23_REV</TABNAME>
     <FIELDNAME>CARRID</FIELDNAME>
     <KEYFLAG>X</KEYFLAG>
     <SHLPORIGIN>D</SHLPORIGIN>
     <SHLPNAME>ZEX_CARRIER_ID_C23_REV</SHLPNAME>
     <SHLPFIELD>CARRID</SHLPFIELD>
    </DD27P>
    <DD27P>
     <VIEWFIELD>CARRNAME</VIEWFIELD>
     <TABNAME>ZEX_CARR_C23_REV</TABNAME>
     <FIELDNAME>CARRNAME</FIELDNAME>
    </DD27P>
    <DD27P>
     <VIEWFIELD>CURRCODE</VIEWFIELD>
     <TABNAME>ZEX_CARR_C23_REV</TABNAME>
     <FIELDNAME>CURRCODE</FIELDNAME>
     <CHECKTABLE>SCURX</CHECKTABLE>
     <SHLPORIGIN>P</SHLPORIGIN>
    </DD27P>
    <DD27P>
     <VIEWFIELD>URL</VIEWFIELD>
     <TABNAME>ZEX_CARR_C23_REV</TABNAME>
     <FIELDNAME>URL</FIELDNAME>
    </DD27P>
    <DD27P>
     <VIEWFIELD>ERDAT</VIEWFIELD>
     <TABNAME>ZEX_CARR_C23_REV</TABNAME>
     <FIELDNAME>ERDAT</FIELDNAME>
     <RDONLY>R</RDONLY>
     <SHLPORIGIN>T</SHLPORIGIN>
    </DD27P>
    <DD27P>
     <VIEWFIELD>ERZET</VIEWFIELD>
     <TABNAME>ZEX_CARR_C23_REV</TABNAME>
     <FIELDNAME>ERZET</FIELDNAME>
     <RDONLY>R</RDONLY>
     <SHLPORIGIN>T</SHLPORIGIN>
    </DD27P>
    <DD27P>
     <VIEWFIELD>ERNAM</VIEWFIELD>
     <TABNAME>ZEX_CARR_C23_REV</TABNAME>
     <FIELDNAME>ERNAM</FIELDNAME>
     <RDONLY>R</RDONLY>
    </DD27P>
    <DD27P>
     <VIEWFIELD>AEDAT</VIEWFIELD>
     <TABNAME>ZEX_CARR_C23_REV</TABNAME>
     <FIELDNAME>AEDAT</FIELDNAME>
     <RDONLY>R</RDONLY>
     <SHLPORIGIN>T</SHLPORIGIN>
    </DD27P>
    <DD27P>
     <VIEWFIELD>AEZET</VIEWFIELD>
     <TABNAME>ZEX_CARR_C23_REV</TABNAME>
     <FIELDNAME>AEZET</FIELDNAME>
     <RDONLY>R</RDONLY>
     <SHLPORIGIN>T</SHLPORIGIN>
     <LOGFLAG>X</LOGFLAG>
    </DD27P>
    <DD27P>
     <VIEWFIELD>AENAM</VIEWFIELD>
     <TABNAME>ZEX_CARR_C23_REV</TABNAME>
     <FIELDNAME>AENAM</FIELDNAME>
     <RDONLY>R</RDONLY>
    </DD27P>
   </DD27P_TABLE>
  </asx:values>
 </asx:abap>
</abapGit>
