﻿<?xml version="1.0" encoding="utf-8"?>
<abapGit version="v1.0.0" serializer="LCL_OBJECT_PROG" serializer_version="v1.0.0">
 <asx:abap xmlns:asx="http://www.sap.com/abapxml" version="1.0">
  <asx:values>
   <PROGDIR>
    <NAME>ZHWC23_5_REVIEW</NAME>
    <SUBC>1</SUBC>
    <RLOAD>E</RLOAD>
    <FIXPT>X</FIXPT>
    <UCCHECK>X</UCCHECK>
   </PROGDIR>
   <DYNPROS>
    <item>
     <HEADER>
      <PROGRAM>ZHWC23_5_REVIEW</PROGRAM>
      <SCREEN>0100</SCREEN>
      <LANGUAGE>E</LANGUAGE>
      <DESCRIPT>Main</DESCRIPT>
      <TYPE>N</TYPE>
      <NEXTSCREEN>0100</NEXTSCREEN>
      <LINES>200</LINES>
      <COLUMNS>255</COLUMNS>
     </HEADER>
     <CONTAINERS>
      <RPY_DYCATT>
       <TYPE>SCREEN</TYPE>
       <NAME>SCREEN</NAME>
      </RPY_DYCATT>
      <RPY_DYCATT>
       <TYPE>CUST_CTRL</TYPE>
       <NAME>MY_CONTAINER</NAME>
       <ELEMENT_OF>SCREEN</ELEMENT_OF>
       <LINE>001</LINE>
       <COLUMN>001</COLUMN>
       <LENGTH>120</LENGTH>
       <HEIGHT>026</HEIGHT>
       <C_RESIZE_V>X</C_RESIZE_V>
       <C_RESIZE_H>X</C_RESIZE_H>
       <C_LINE_MIN>010</C_LINE_MIN>
       <C_COLN_MIN>010</C_COLN_MIN>
      </RPY_DYCATT>
     </CONTAINERS>
     <FIELDS>
      <RPY_DYFATC>
       <CONT_TYPE>SCREEN</CONT_TYPE>
       <CONT_NAME>SCREEN</CONT_NAME>
       <TYPE>OKCODE</TYPE>
       <NAME>OK_CODE</NAME>
       <TEXT>____________________</TEXT>
       <LENGTH>020</LENGTH>
       <VISLENGTH>020</VISLENGTH>
       <HEIGHT>001</HEIGHT>
       <FORMAT>CHAR</FORMAT>
       <INPUT_FLD>X</INPUT_FLD>
      </RPY_DYFATC>
     </FIELDS>
     <FLOW_LOGIC>
      <RPY_DYFLOW>
       <LINE>PROCESS BEFORE OUTPUT.</LINE>
      </RPY_DYFLOW>
      <RPY_DYFLOW>
       <LINE>  MODULE STATUS_0100. &quot; 뒤로가기, 나가기, 취소하기 버튼 설정</LINE>
      </RPY_DYFLOW>
      <RPY_DYFLOW/>
      <RPY_DYFLOW>
       <LINE>  MODULE CLEAR_OKCODE.</LINE>
      </RPY_DYFLOW>
      <RPY_DYFLOW/>
      <RPY_DYFLOW>
       <LINE>  &quot; ALV 화면 출력을 위한 Module</LINE>
      </RPY_DYFLOW>
      <RPY_DYFLOW>
       <LINE>  MODULE INIT_ALV_0100.</LINE>
      </RPY_DYFLOW>
      <RPY_DYFLOW/>
      <RPY_DYFLOW>
       <LINE>PROCESS AFTER INPUT.</LINE>
      </RPY_DYFLOW>
      <RPY_DYFLOW>
       <LINE>  &quot; Function Code가 Type이 2종류 이므로,</LINE>
      </RPY_DYFLOW>
      <RPY_DYFLOW>
       <LINE>  &quot; 각각 해당하는 종류에 따라 Module 생성</LINE>
      </RPY_DYFLOW>
      <RPY_DYFLOW>
       <LINE>  &quot; Function Type이  Exit Command 인 경우에만 수행</LINE>
      </RPY_DYFLOW>
      <RPY_DYFLOW>
       <LINE>  &quot; 현재 화면을 종료하기 위한 Module</LINE>
      </RPY_DYFLOW>
      <RPY_DYFLOW>
       <LINE>  &quot; Exit-Commane 라는 의미는 종료를 위한 명령어라는 뜻이므로</LINE>
      </RPY_DYFLOW>
      <RPY_DYFLOW>
       <LINE>  &quot; 화면에 대한 별도의 입력필드 점검 과정을 거치지 않고</LINE>
      </RPY_DYFLOW>
      <RPY_DYFLOW>
       <LINE>  &quot; 항상 최우선적으로 먼저 실행되는 Module</LINE>
      </RPY_DYFLOW>
      <RPY_DYFLOW>
       <LINE>  MODULE EXIT_0100 AT EXIT-COMMAND.</LINE>
      </RPY_DYFLOW>
      <RPY_DYFLOW/>
      <RPY_DYFLOW>
       <LINE>  &quot; 모든 Function Type이 수행가능</LINE>
      </RPY_DYFLOW>
      <RPY_DYFLOW>
       <LINE>  MODULE USER_COMMAND_0100.</LINE>
      </RPY_DYFLOW>
     </FLOW_LOGIC>
    </item>
   </DYNPROS>
   <CUA>
    <ADM>
     <ACTCODE>000001</ACTCODE>
     <PFKCODE>000001</PFKCODE>
    </ADM>
    <STA>
     <RSMPE_STAT>
      <CODE>0100</CODE>
      <MODAL>D</MODAL>
      <ACTCODE>000001</ACTCODE>
      <PFKCODE>000001</PFKCODE>
      <BUTCODE>0001</BUTCODE>
      <INT_NOTE>For Main Screen</INT_NOTE>
     </RSMPE_STAT>
    </STA>
    <FUN>
     <RSMPE_FUNT>
      <CODE>BACK</CODE>
      <TEXTNO>001</TEXTNO>
      <TEXT_TYPE>S</TEXT_TYPE>
      <FUN_TEXT>Back</FUN_TEXT>
     </RSMPE_FUNT>
     <RSMPE_FUNT>
      <CODE>CANC</CODE>
      <TEXTNO>001</TEXTNO>
      <TYPE>E</TYPE>
      <TEXT_TYPE>S</TEXT_TYPE>
      <TEXT_NAME>ICON_CANCEL</TEXT_NAME>
      <ICON_ID>@0W@</ICON_ID>
      <FUN_TEXT>Cancel</FUN_TEXT>
     </RSMPE_FUNT>
     <RSMPE_FUNT>
      <CODE>EXIT</CODE>
      <TEXTNO>001</TEXTNO>
      <TYPE>E</TYPE>
      <TEXT_TYPE>S</TEXT_TYPE>
      <FUN_TEXT>Exit</FUN_TEXT>
     </RSMPE_FUNT>
    </FUN>
    <PFK>
     <RSMPE_PFK>
      <CODE>000001</CODE>
      <PFNO>03</PFNO>
      <FUNCODE>BACK</FUNCODE>
      <FUNNO>001</FUNNO>
     </RSMPE_PFK>
     <RSMPE_PFK>
      <CODE>000001</CODE>
      <PFNO>12</PFNO>
      <FUNCODE>CANC</FUNCODE>
      <FUNNO>001</FUNNO>
     </RSMPE_PFK>
     <RSMPE_PFK>
      <CODE>000001</CODE>
      <PFNO>15</PFNO>
      <FUNCODE>EXIT</FUNCODE>
      <FUNNO>001</FUNNO>
     </RSMPE_PFK>
    </PFK>
    <SET>
     <RSMPE_STAF>
      <STATUS>0100</STATUS>
      <FUNCTION>BACK</FUNCTION>
     </RSMPE_STAF>
     <RSMPE_STAF>
      <STATUS>0100</STATUS>
      <FUNCTION>CANC</FUNCTION>
     </RSMPE_STAF>
     <RSMPE_STAF>
      <STATUS>0100</STATUS>
      <FUNCTION>EXIT</FUNCTION>
     </RSMPE_STAF>
    </SET>
    <DOC>
     <RSMPE_ATRT>
      <OBJ_TYPE>A</OBJ_TYPE>
      <OBJ_CODE>000001</OBJ_CODE>
      <MODAL>D</MODAL>
      <INT_NOTE>For Main Screen</INT_NOTE>
     </RSMPE_ATRT>
     <RSMPE_ATRT>
      <OBJ_TYPE>P</OBJ_TYPE>
      <OBJ_CODE>000001</OBJ_CODE>
      <MODAL>D</MODAL>
      <INT_NOTE>For Main Screen</INT_NOTE>
     </RSMPE_ATRT>
     <RSMPE_ATRT>
      <OBJ_TYPE>B</OBJ_TYPE>
      <OBJ_CODE>000001</OBJ_CODE>
      <SUB_CODE>0001</SUB_CODE>
      <MODAL>D</MODAL>
      <INT_NOTE>For Main Screen</INT_NOTE>
     </RSMPE_ATRT>
    </DOC>
    <TIT>
     <RSMPE_TITT>
      <CODE>0100</CODE>
      <TEXT>[HW] 항공편 조회(ALV 활용편) SNC-23</TEXT>
     </RSMPE_TITT>
    </TIT>
   </CUA>
   <TPOOL>
    <item>
     <ID>I</ID>
     <KEY>E01</KEY>
     <ENTRY>Custom Container 생성 실패</ENTRY>
     <LENGTH>44</LENGTH>
    </item>
    <item>
     <ID>I</ID>
     <KEY>E02</KEY>
     <ENTRY>ALV 객체 생성 실패</ENTRY>
     <LENGTH>22</LENGTH>
    </item>
    <item>
     <ID>I</ID>
     <KEY>E03</KEY>
     <ENTRY>화면에 ALV 데이터 설정이 실패하였습니다.</ENTRY>
     <LENGTH>48</LENGTH>
    </item>
    <item>
     <ID>I</ID>
     <KEY>T01</KEY>
     <ENTRY>Selection Options</ENTRY>
     <LENGTH>27</LENGTH>
    </item>
    <item>
     <ID>R</ID>
     <ENTRY>[HW] 항공편 조회 (ALV 활용편) SNC-23</ENTRY>
     <LENGTH>28</LENGTH>
    </item>
    <item>
     <ID>S</ID>
     <KEY>S_CARRID</KEY>
     <ENTRY>.</ENTRY>
     <LENGTH>15</LENGTH>
     <SPLIT>D</SPLIT>
    </item>
    <item>
     <ID>S</ID>
     <KEY>S_CONNID</KEY>
     <ENTRY>Connection Flight Number</ENTRY>
     <LENGTH>32</LENGTH>
    </item>
   </TPOOL>
  </asx:values>
 </asx:abap>
</abapGit>
