﻿<?xml version="1.0" encoding="utf-8"?>
<abapGit version="v1.0.0" serializer="LCL_OBJECT_PROG" serializer_version="v1.0.0">
 <asx:abap xmlns:asx="http://www.sap.com/abapxml" version="1.0">
  <asx:values>
   <PROGDIR>
    <NAME>ZHWC23_3A</NAME>
    <SUBC>1</SUBC>
    <RLOAD>E</RLOAD>
    <FIXPT>X</FIXPT>
    <UCCHECK>X</UCCHECK>
   </PROGDIR>
   <TPOOL>
    <item>
     <ID>I</ID>
     <KEY>C01</KEY>
     <ENTRY>Insert Data</ENTRY>
     <LENGTH>21</LENGTH>
    </item>
    <item>
     <ID>I</ID>
     <KEY>C02</KEY>
     <ENTRY>Select Data</ENTRY>
     <LENGTH>21</LENGTH>
    </item>
    <item>
     <ID>I</ID>
     <KEY>C03</KEY>
     <ENTRY>Delete All Data</ENTRY>
     <LENGTH>25</LENGTH>
    </item>
    <item>
     <ID>I</ID>
     <KEY>M01</KEY>
     <ENTRY>필수 및 추가 조회조건에 해당하는 항공 예약일정과 고객정보를 테이블을 통해 3가지 모드로 결과화면을 출력하는 프로그램입니다.</ENTRY>
     <LENGTH>132</LENGTH>
    </item>
    <item>
     <ID>I</ID>
     <KEY>T01</KEY>
     <ENTRY>Program Short Description</ENTRY>
     <LENGTH>50</LENGTH>
    </item>
    <item>
     <ID>I</ID>
     <KEY>T02</KEY>
     <ENTRY>Execute Mode</ENTRY>
     <LENGTH>22</LENGTH>
    </item>
    <item>
     <ID>I</ID>
     <KEY>T03</KEY>
     <ENTRY>Selection Options</ENTRY>
     <LENGTH>27</LENGTH>
    </item>
    <item>
     <ID>I</ID>
     <KEY>T04</KEY>
     <ENTRY>Additional Options</ENTRY>
     <LENGTH>28</LENGTH>
    </item>
    <item>
     <ID>R</ID>
     <ENTRY>[HW3-A] 예약정보 관리 SNC-23</ENTRY>
     <LENGTH>22</LENGTH>
    </item>
    <item>
     <ID>S</ID>
     <KEY>PA_CANC</KEY>
     <ENTRY>Include cancelled book</ENTRY>
     <LENGTH>30</LENGTH>
    </item>
    <item>
     <ID>S</ID>
     <KEY>P_DELA</KEY>
     <ENTRY>Delete All Data</ENTRY>
     <LENGTH>23</LENGTH>
    </item>
    <item>
     <ID>S</ID>
     <KEY>P_INSD</KEY>
     <ENTRY>Insert Data</ENTRY>
     <LENGTH>19</LENGTH>
    </item>
    <item>
     <ID>S</ID>
     <KEY>P_SELD</KEY>
     <ENTRY>Select Data</ENTRY>
     <LENGTH>19</LENGTH>
    </item>
    <item>
     <ID>S</ID>
     <KEY>SO_CAR</KEY>
     <ENTRY>Airline</ENTRY>
     <LENGTH>15</LENGTH>
    </item>
    <item>
     <ID>S</ID>
     <KEY>SO_COFR</KEY>
     <ENTRY>Depart. Country</ENTRY>
     <LENGTH>23</LENGTH>
    </item>
    <item>
     <ID>S</ID>
     <KEY>SO_CON</KEY>
     <ENTRY>Connection Number</ENTRY>
     <LENGTH>25</LENGTH>
    </item>
    <item>
     <ID>S</ID>
     <KEY>SO_COTO</KEY>
     <ENTRY>Arrival Country</ENTRY>
     <LENGTH>23</LENGTH>
    </item>
    <item>
     <ID>S</ID>
     <KEY>SO_CTFR</KEY>
     <ENTRY>Depart. city</ENTRY>
     <LENGTH>20</LENGTH>
    </item>
    <item>
     <ID>S</ID>
     <KEY>SO_CTTO</KEY>
     <ENTRY>Arrival city</ENTRY>
     <LENGTH>20</LENGTH>
    </item>
    <item>
     <ID>S</ID>
     <KEY>SO_FLD</KEY>
     <ENTRY>Flight Date</ENTRY>
     <LENGTH>19</LENGTH>
    </item>
    <item>
     <ID>S</ID>
     <KEY>SO_ORD</KEY>
     <ENTRY>Posting date</ENTRY>
     <LENGTH>20</LENGTH>
    </item>
   </TPOOL>
  </asx:values>
 </asx:abap>
</abapGit>
