﻿<?xml version="1.0" encoding="utf-8"?>
<abapGit version="v1.0.0" serializer="LCL_OBJECT_DTEL" serializer_version="v1.0.0">
 <asx:abap xmlns:asx="http://www.sap.com/abapxml" version="1.0">
  <asx:values>
   <DD04V>
    <ROLLNAME>ZREQSTS_C23</ROLLNAME>
    <DDLANGUAGE>E</DDLANGUAGE>
    <DOMNAME>ZDREQSTS_C23</DOMNAME>
    <HEADLEN>10</HEADLEN>
    <SCRLEN1>08</SCRLEN1>
    <SCRLEN2>10</SCRLEN2>
    <SCRLEN3>15</SCRLEN3>
    <DDTEXT>[실전연습] 2022 SYNC ABAP Exam 02 - DOMAIN</DDTEXT>
    <REPTEXT>Status</REPTEXT>
    <SCRTEXT_S>Status</SCRTEXT_S>
    <SCRTEXT_M>Status</SCRTEXT_M>
    <SCRTEXT_L>Status</SCRTEXT_L>
    <DTELMASTER>E</DTELMASTER>
    <REFKIND>D</REFKIND>
   </DD04V>
  </asx:values>
 </asx:abap>
</abapGit>
