﻿<?xml version="1.0" encoding="utf-8"?>
<abapGit version="v1.0.0" serializer="LCL_OBJECT_MSAG" serializer_version="v1.0.0">
 <asx:abap xmlns:asx="http://www.sap.com/abapxml" version="1.0">
  <asx:values>
   <T100A>
    <ARBGB>ZTMSG_C23</ARBGB>
    <MASTERLANG>E</MASTERLANG>
   </T100A>
   <T100>
    <T100>
     <SPRSL>E</SPRSL>
     <ARBGB>ZTMSG_C23</ARBGB>
     <MSGNR>000</MSGNR>
     <TEXT>&amp;</TEXT>
    </T100>
    <T100>
     <SPRSL>E</SPRSL>
     <ARBGB>ZTMSG_C23</ARBGB>
     <MSGNR>001</MSGNR>
     <TEXT>값을 입력해주세요.</TEXT>
    </T100>
    <T100>
     <SPRSL>E</SPRSL>
     <ARBGB>ZTMSG_C23</ARBGB>
     <MSGNR>002</MSGNR>
     <TEXT>입력 받은 값이 1보다 작습니다.</TEXT>
    </T100>
    <T100>
     <SPRSL>E</SPRSL>
     <ARBGB>ZTMSG_C23</ARBGB>
     <MSGNR>003</MSGNR>
     <TEXT>입력 받은 값이 100보다 큽니다.</TEXT>
    </T100>
    <T100>
     <SPRSL>E</SPRSL>
     <ARBGB>ZTMSG_C23</ARBGB>
     <MSGNR>004</MSGNR>
     <TEXT>입력 받은 값(들)이 1보다 작습니다.</TEXT>
    </T100>
    <T100>
     <SPRSL>E</SPRSL>
     <ARBGB>ZTMSG_C23</ARBGB>
     <MSGNR>005</MSGNR>
     <TEXT>입력 받은 값(들)이 100보다 큽니다.</TEXT>
    </T100>
    <T100>
     <SPRSL>E</SPRSL>
     <ARBGB>ZTMSG_C23</ARBGB>
     <MSGNR>006</MSGNR>
     <TEXT>값을 모두 입력해주세요.</TEXT>
    </T100>
    <T100>
     <SPRSL>E</SPRSL>
     <ARBGB>ZTMSG_C23</ARBGB>
     <MSGNR>007</MSGNR>
     <TEXT>Selection Options 의 값을 모두 입력해주세요.</TEXT>
    </T100>
    <T100>
     <SPRSL>E</SPRSL>
     <ARBGB>ZTMSG_C23</ARBGB>
     <MSGNR>008</MSGNR>
     <TEXT>해당 예약일자에 대한 항공편 일정이 존재하지 않습니다.</TEXT>
    </T100>
    <T100>
     <SPRSL>E</SPRSL>
     <ARBGB>ZTMSG_C23</ARBGB>
     <MSGNR>009</MSGNR>
     <TEXT>선택한 추가 옵션에 해당하는 항공편 정보가 존재하지 않습니다.</TEXT>
    </T100>
    <T100>
     <SPRSL>E</SPRSL>
     <ARBGB>ZTMSG_C23</ARBGB>
     <MSGNR>010</MSGNR>
     <TEXT>&amp; 건이 성공적으로 저장되었습니다.</TEXT>
    </T100>
    <T100>
     <SPRSL>E</SPRSL>
     <ARBGB>ZTMSG_C23</ARBGB>
     <MSGNR>011</MSGNR>
     <TEXT>데이터 저장에 오류가 발생했습니다.</TEXT>
    </T100>
    <T100>
     <SPRSL>E</SPRSL>
     <ARBGB>ZTMSG_C23</ARBGB>
     <MSGNR>012</MSGNR>
     <TEXT>&amp; 건이 조회되었습니다.</TEXT>
    </T100>
    <T100>
     <SPRSL>E</SPRSL>
     <ARBGB>ZTMSG_C23</ARBGB>
     <MSGNR>013</MSGNR>
     <TEXT>&amp; 건이 삭제되었습니다.</TEXT>
    </T100>
    <T100>
     <SPRSL>E</SPRSL>
     <ARBGB>ZTMSG_C23</ARBGB>
     <MSGNR>014</MSGNR>
     <TEXT>중복된 데이터가 존재합니다.</TEXT>
    </T100>
    <T100>
     <SPRSL>E</SPRSL>
     <ARBGB>ZTMSG_C23</ARBGB>
     <MSGNR>015</MSGNR>
     <TEXT>데이터가 성공적으로 조회되었습니다.</TEXT>
    </T100>
    <T100>
     <SPRSL>E</SPRSL>
     <ARBGB>ZTMSG_C23</ARBGB>
     <MSGNR>016</MSGNR>
     <TEXT>입력하신 정보와 일치하는 데이터가 없습니다.</TEXT>
    </T100>
    <T100>
     <SPRSL>E</SPRSL>
     <ARBGB>ZTMSG_C23</ARBGB>
     <MSGNR>017</MSGNR>
     <TEXT>행 &amp;1 열 &amp;2 을 Double Click했습니다.</TEXT>
    </T100>
    <T100>
     <SPRSL>E</SPRSL>
     <ARBGB>ZTMSG_C23</ARBGB>
     <MSGNR>018</MSGNR>
     <TEXT>데이터를 조회하는 데 실패하였습니다.</TEXT>
    </T100>
   </T100>
  </asx:values>
 </asx:abap>
</abapGit>
