﻿<?xml version="1.0" encoding="utf-8"?>
<abapGit version="v1.0.0" serializer="LCL_OBJECT_TABL" serializer_version="v1.0.0">
 <asx:abap xmlns:asx="http://www.sap.com/abapxml" version="1.0">
  <asx:values>
   <DD02V>
    <TABNAME>ZTREQMENU_C23</TABNAME>
    <DDLANGUAGE>E</DDLANGUAGE>
    <TABCLASS>TRANSP</TABCLASS>
    <CLIDEP>X</CLIDEP>
    <DDTEXT>[실전연습] 2022 SYNC ABAP Exam 02 - TABLE</DDTEXT>
    <CONTFLAG>A</CONTFLAG>
   </DD02V>
   <DD09L>
    <TABNAME>ZTREQMENU_C23</TABNAME>
    <AS4LOCAL>A</AS4LOCAL>
    <TABKAT>1</TABKAT>
    <TABART>APPL1</TABART>
    <BUFALLOW>N</BUFALLOW>
   </DD09L>
   <DD03P_TABLE>
    <DD03P>
     <FIELDNAME>MANDT</FIELDNAME>
     <KEYFLAG>X</KEYFLAG>
     <ROLLNAME>MANDT</ROLLNAME>
     <CHECKTABLE>T000</CHECKTABLE>
     <ADMINFIELD>0</ADMINFIELD>
     <NOTNULL>X</NOTNULL>
     <SHLPORIGIN>X</SHLPORIGIN>
     <COMPTYPE>E</COMPTYPE>
    </DD03P>
    <DD03P>
     <FIELDNAME>CARRID</FIELDNAME>
     <KEYFLAG>X</KEYFLAG>
     <ROLLNAME>S_CARR_ID</ROLLNAME>
     <CHECKTABLE>SCARR</CHECKTABLE>
     <ADMINFIELD>0</ADMINFIELD>
     <NOTNULL>X</NOTNULL>
     <SHLPORIGIN>P</SHLPORIGIN>
     <SHLPNAME>S_CARRIER_ID</SHLPNAME>
     <SHLPFIELD>CARRID</SHLPFIELD>
     <COMPTYPE>E</COMPTYPE>
    </DD03P>
    <DD03P>
     <FIELDNAME>CONNID</FIELDNAME>
     <KEYFLAG>X</KEYFLAG>
     <ROLLNAME>S_CONN_ID</ROLLNAME>
     <CHECKTABLE>SPFLI</CHECKTABLE>
     <ADMINFIELD>0</ADMINFIELD>
     <NOTNULL>X</NOTNULL>
     <SHLPORIGIN>X</SHLPORIGIN>
     <COMPTYPE>E</COMPTYPE>
    </DD03P>
    <DD03P>
     <FIELDNAME>FLDATE</FIELDNAME>
     <KEYFLAG>X</KEYFLAG>
     <ROLLNAME>S_DATE</ROLLNAME>
     <CHECKTABLE>SFLIGHT</CHECKTABLE>
     <ADMINFIELD>0</ADMINFIELD>
     <NOTNULL>X</NOTNULL>
     <SHLPORIGIN>X</SHLPORIGIN>
     <COMPTYPE>E</COMPTYPE>
    </DD03P>
    <DD03P>
     <FIELDNAME>BOOKID</FIELDNAME>
     <KEYFLAG>X</KEYFLAG>
     <ROLLNAME>S_BOOK_ID</ROLLNAME>
     <ADMINFIELD>0</ADMINFIELD>
     <NOTNULL>X</NOTNULL>
     <SHLPORIGIN>X</SHLPORIGIN>
     <COMPTYPE>E</COMPTYPE>
    </DD03P>
    <DD03P>
     <FIELDNAME>REQDAT</FIELDNAME>
     <KEYFLAG>X</KEYFLAG>
     <ROLLNAME>PKW_REQDT</ROLLNAME>
     <ADMINFIELD>0</ADMINFIELD>
     <NOTNULL>X</NOTNULL>
     <SHLPORIGIN>T</SHLPORIGIN>
     <COMPTYPE>E</COMPTYPE>
    </DD03P>
    <DD03P>
     <FIELDNAME>MENUNUMBER</FIELDNAME>
     <ROLLNAME>S_MENU</ROLLNAME>
     <ADMINFIELD>0</ADMINFIELD>
     <NOTNULL>X</NOTNULL>
     <COMPTYPE>E</COMPTYPE>
    </DD03P>
    <DD03P>
     <FIELDNAME>REQSTS</FIELDNAME>
     <ROLLNAME>ZEREQSTS_E23</ROLLNAME>
     <ADMINFIELD>0</ADMINFIELD>
     <NOTNULL>X</NOTNULL>
     <VALEXI>X</VALEXI>
     <SHLPORIGIN>F</SHLPORIGIN>
     <COMPTYPE>E</COMPTYPE>
    </DD03P>
   </DD03P_TABLE>
   <DD05M_TABLE>
    <DD05M>
     <FIELDNAME>CARRID</FIELDNAME>
     <FORTABLE>ZTREQMENU_C23</FORTABLE>
     <FORKEY>MANDT</FORKEY>
     <CHECKTABLE>SCARR</CHECKTABLE>
     <CHECKFIELD>MANDT</CHECKFIELD>
     <PRIMPOS>0001</PRIMPOS>
     <DOMNAME>MANDT</DOMNAME>
     <DATATYPE>CLNT</DATATYPE>
    </DD05M>
    <DD05M>
     <FIELDNAME>CARRID</FIELDNAME>
     <FORTABLE>ZTREQMENU_C23</FORTABLE>
     <FORKEY>CARRID</FORKEY>
     <CHECKTABLE>SCARR</CHECKTABLE>
     <CHECKFIELD>CARRID</CHECKFIELD>
     <PRIMPOS>0002</PRIMPOS>
     <DOMNAME>S_CARR_ID</DOMNAME>
     <DATATYPE>CHAR</DATATYPE>
    </DD05M>
    <DD05M>
     <FIELDNAME>CONNID</FIELDNAME>
     <FORTABLE>ZTREQMENU_C23</FORTABLE>
     <FORKEY>MANDT</FORKEY>
     <CHECKTABLE>SPFLI</CHECKTABLE>
     <CHECKFIELD>MANDT</CHECKFIELD>
     <PRIMPOS>0001</PRIMPOS>
     <DOMNAME>MANDT</DOMNAME>
     <DATATYPE>CLNT</DATATYPE>
    </DD05M>
    <DD05M>
     <FIELDNAME>CONNID</FIELDNAME>
     <FORTABLE>ZTREQMENU_C23</FORTABLE>
     <FORKEY>CARRID</FORKEY>
     <CHECKTABLE>SPFLI</CHECKTABLE>
     <CHECKFIELD>CARRID</CHECKFIELD>
     <PRIMPOS>0002</PRIMPOS>
     <DOMNAME>S_CARR_ID</DOMNAME>
     <DATATYPE>CHAR</DATATYPE>
    </DD05M>
    <DD05M>
     <FIELDNAME>CONNID</FIELDNAME>
     <FORTABLE>ZTREQMENU_C23</FORTABLE>
     <FORKEY>CONNID</FORKEY>
     <CHECKTABLE>SPFLI</CHECKTABLE>
     <CHECKFIELD>CONNID</CHECKFIELD>
     <PRIMPOS>0003</PRIMPOS>
     <DOMNAME>S_CONN_ID</DOMNAME>
     <DATATYPE>NUMC</DATATYPE>
    </DD05M>
    <DD05M>
     <FIELDNAME>FLDATE</FIELDNAME>
     <FORTABLE>ZTREQMENU_C23</FORTABLE>
     <FORKEY>MANDT</FORKEY>
     <CHECKTABLE>SFLIGHT</CHECKTABLE>
     <CHECKFIELD>MANDT</CHECKFIELD>
     <PRIMPOS>0001</PRIMPOS>
     <DOMNAME>MANDT</DOMNAME>
     <DATATYPE>CLNT</DATATYPE>
    </DD05M>
    <DD05M>
     <FIELDNAME>FLDATE</FIELDNAME>
     <FORTABLE>ZTREQMENU_C23</FORTABLE>
     <FORKEY>CARRID</FORKEY>
     <CHECKTABLE>SFLIGHT</CHECKTABLE>
     <CHECKFIELD>CARRID</CHECKFIELD>
     <PRIMPOS>0002</PRIMPOS>
     <DOMNAME>S_CARR_ID</DOMNAME>
     <DATATYPE>CHAR</DATATYPE>
    </DD05M>
    <DD05M>
     <FIELDNAME>FLDATE</FIELDNAME>
     <FORTABLE>ZTREQMENU_C23</FORTABLE>
     <FORKEY>CONNID</FORKEY>
     <CHECKTABLE>SFLIGHT</CHECKTABLE>
     <CHECKFIELD>CONNID</CHECKFIELD>
     <PRIMPOS>0003</PRIMPOS>
     <DOMNAME>S_CONN_ID</DOMNAME>
     <DATATYPE>NUMC</DATATYPE>
    </DD05M>
    <DD05M>
     <FIELDNAME>FLDATE</FIELDNAME>
     <FORTABLE>ZTREQMENU_C23</FORTABLE>
     <FORKEY>FLDATE</FORKEY>
     <CHECKTABLE>SFLIGHT</CHECKTABLE>
     <CHECKFIELD>FLDATE</CHECKFIELD>
     <PRIMPOS>0004</PRIMPOS>
     <DOMNAME>S_DATE</DOMNAME>
     <DATATYPE>DATS</DATATYPE>
    </DD05M>
    <DD05M>
     <FIELDNAME>MANDT</FIELDNAME>
     <FORTABLE>ZTREQMENU_C23</FORTABLE>
     <FORKEY>MANDT</FORKEY>
     <CHECKTABLE>T000</CHECKTABLE>
     <CHECKFIELD>MANDT</CHECKFIELD>
     <PRIMPOS>0001</PRIMPOS>
     <DOMNAME>MANDT</DOMNAME>
     <DATATYPE>CLNT</DATATYPE>
    </DD05M>
   </DD05M_TABLE>
   <DD08V_TABLE>
    <DD08V>
     <FIELDNAME>CARRID</FIELDNAME>
     <CHECKTABLE>SCARR</CHECKTABLE>
    </DD08V>
    <DD08V>
     <FIELDNAME>CONNID</FIELDNAME>
     <CHECKTABLE>SPFLI</CHECKTABLE>
    </DD08V>
    <DD08V>
     <FIELDNAME>FLDATE</FIELDNAME>
     <CHECKTABLE>SFLIGHT</CHECKTABLE>
    </DD08V>
    <DD08V>
     <FIELDNAME>MANDT</FIELDNAME>
     <CHECKTABLE>T000</CHECKTABLE>
    </DD08V>
   </DD08V_TABLE>
   <DD35V_TALE>
    <DD35V>
     <FIELDNAME>BOOKID</FIELDNAME>
     <SHLPNAME>SBOOK</SHLPNAME>
    </DD35V>
    <DD35V>
     <FIELDNAME>CONNID</FIELDNAME>
     <SHLPNAME>H_SPFLI</SHLPNAME>
    </DD35V>
    <DD35V>
     <FIELDNAME>FLDATE</FIELDNAME>
     <SHLPNAME>SFLIGHT</SHLPNAME>
    </DD35V>
    <DD35V>
     <FIELDNAME>MANDT</FIELDNAME>
     <SHLPNAME>H_T000</SHLPNAME>
    </DD35V>
   </DD35V_TALE>
   <DD36M>
    <DD36M>
     <FIELDNAME>BOOKID</FIELDNAME>
     <SHLPNAME>SBOOK</SHLPNAME>
     <SHLPFIELD>AGENCYNUM</SHLPFIELD>
     <FLPOSITION>0006</FLPOSITION>
     <SHTYPE>G</SHTYPE>
     <SHLPINPUT>X</SHLPINPUT>
     <SHLPOUTPUT>X</SHLPOUTPUT>
     <ROLLNAME>S_AGNCYNUM</ROLLNAME>
     <DOMNAME>S_BUSPANUM</DOMNAME>
     <DATATYPE>NUMC</DATATYPE>
     <LENG>000008</LENG>
    </DD36M>
    <DD36M>
     <FIELDNAME>BOOKID</FIELDNAME>
     <SHLPNAME>SBOOK</SHLPNAME>
     <SHLPFIELD>BOOKID</SHLPFIELD>
     <FLPOSITION>0004</FLPOSITION>
     <SHTABLE>ZTREQMENU_C23</SHTABLE>
     <SHFIELD>BOOKID</SHFIELD>
     <SHLPOUTPUT>X</SHLPOUTPUT>
     <ROLLNAME>S_BOOK_ID</ROLLNAME>
     <DOMNAME>S_BOOK_ID</DOMNAME>
     <DATATYPE>NUMC</DATATYPE>
     <LENG>000008</LENG>
    </DD36M>
    <DD36M>
     <FIELDNAME>BOOKID</FIELDNAME>
     <SHLPNAME>SBOOK</SHLPNAME>
     <SHLPFIELD>CARRID</SHLPFIELD>
     <FLPOSITION>0001</FLPOSITION>
     <SHTABLE>ZTREQMENU_C23</SHTABLE>
     <SHFIELD>CARRID</SHFIELD>
     <SHLPOUTPUT>X</SHLPOUTPUT>
     <ROLLNAME>S_CARR_ID</ROLLNAME>
     <DOMNAME>S_CARR_ID</DOMNAME>
     <DATATYPE>CHAR</DATATYPE>
     <LENG>000003</LENG>
    </DD36M>
    <DD36M>
     <FIELDNAME>BOOKID</FIELDNAME>
     <SHLPNAME>SBOOK</SHLPNAME>
     <SHLPFIELD>CONNID</SHLPFIELD>
     <FLPOSITION>0002</FLPOSITION>
     <SHTABLE>ZTREQMENU_C23</SHTABLE>
     <SHFIELD>CONNID</SHFIELD>
     <SHLPOUTPUT>X</SHLPOUTPUT>
     <ROLLNAME>S_CONN_ID</ROLLNAME>
     <DOMNAME>S_CONN_ID</DOMNAME>
     <DATATYPE>NUMC</DATATYPE>
     <LENG>000004</LENG>
    </DD36M>
    <DD36M>
     <FIELDNAME>BOOKID</FIELDNAME>
     <SHLPNAME>SBOOK</SHLPNAME>
     <SHLPFIELD>CUSTOMID</SHLPFIELD>
     <FLPOSITION>0005</FLPOSITION>
     <SHTYPE>G</SHTYPE>
     <SHLPINPUT>X</SHLPINPUT>
     <SHLPOUTPUT>X</SHLPOUTPUT>
     <ROLLNAME>S_CUSTOMER</ROLLNAME>
     <DOMNAME>S_BUSPANUM</DOMNAME>
     <DATATYPE>NUMC</DATATYPE>
     <LENG>000008</LENG>
    </DD36M>
    <DD36M>
     <FIELDNAME>BOOKID</FIELDNAME>
     <SHLPNAME>SBOOK</SHLPNAME>
     <SHLPFIELD>FLDATE</SHLPFIELD>
     <FLPOSITION>0003</FLPOSITION>
     <SHTABLE>ZTREQMENU_C23</SHTABLE>
     <SHFIELD>FLDATE</SHFIELD>
     <SHLPOUTPUT>X</SHLPOUTPUT>
     <ROLLNAME>S_DATE</ROLLNAME>
     <DOMNAME>S_DATE</DOMNAME>
     <DATATYPE>DATS</DATATYPE>
     <LENG>000008</LENG>
    </DD36M>
    <DD36M>
     <FIELDNAME>CONNID</FIELDNAME>
     <SHLPNAME>H_SPFLI</SHLPNAME>
     <SHLPFIELD>CARRID</SHLPFIELD>
     <FLPOSITION>0001</FLPOSITION>
     <SHTABLE>ZTREQMENU_C23</SHTABLE>
     <SHFIELD>CARRID</SHFIELD>
     <SHLPINPUT>X</SHLPINPUT>
     <SHLPOUTPUT>X</SHLPOUTPUT>
     <ROLLNAME>S_CARR_ID</ROLLNAME>
     <DOMNAME>S_CARR_ID</DOMNAME>
     <DATATYPE>CHAR</DATATYPE>
     <LENG>000003</LENG>
    </DD36M>
    <DD36M>
     <FIELDNAME>CONNID</FIELDNAME>
     <SHLPNAME>H_SPFLI</SHLPNAME>
     <SHLPFIELD>CITYFROM</SHLPFIELD>
     <FLPOSITION>0003</FLPOSITION>
     <SHTYPE>G</SHTYPE>
     <SHLPOUTPUT>X</SHLPOUTPUT>
     <ROLLNAME>S_FROM_CIT</ROLLNAME>
     <DOMNAME>S_CITY</DOMNAME>
     <DATATYPE>CHAR</DATATYPE>
     <LENG>000020</LENG>
    </DD36M>
    <DD36M>
     <FIELDNAME>CONNID</FIELDNAME>
     <SHLPNAME>H_SPFLI</SHLPNAME>
     <SHLPFIELD>CITYTO</SHLPFIELD>
     <FLPOSITION>0004</FLPOSITION>
     <SHTYPE>G</SHTYPE>
     <SHLPOUTPUT>X</SHLPOUTPUT>
     <ROLLNAME>S_TO_CITY</ROLLNAME>
     <DOMNAME>S_CITY</DOMNAME>
     <DATATYPE>CHAR</DATATYPE>
     <LENG>000020</LENG>
    </DD36M>
    <DD36M>
     <FIELDNAME>CONNID</FIELDNAME>
     <SHLPNAME>H_SPFLI</SHLPNAME>
     <SHLPFIELD>CONNID</SHLPFIELD>
     <FLPOSITION>0002</FLPOSITION>
     <SHTABLE>ZTREQMENU_C23</SHTABLE>
     <SHFIELD>CONNID</SHFIELD>
     <SHLPINPUT>X</SHLPINPUT>
     <SHLPOUTPUT>X</SHLPOUTPUT>
     <ROLLNAME>S_CONN_ID</ROLLNAME>
     <DOMNAME>S_CONN_ID</DOMNAME>
     <DATATYPE>NUMC</DATATYPE>
     <LENG>000004</LENG>
    </DD36M>
    <DD36M>
     <FIELDNAME>FLDATE</FIELDNAME>
     <SHLPNAME>SFLIGHT</SHLPNAME>
     <SHLPFIELD>AIRPFROM</SHLPFIELD>
     <FLPOSITION>0006</FLPOSITION>
     <SHTYPE>G</SHTYPE>
     <SHLPOUTPUT>X</SHLPOUTPUT>
     <ROLLNAME>S_FROMAIRP</ROLLNAME>
     <DOMNAME>S_AIRPID</DOMNAME>
     <DATATYPE>CHAR</DATATYPE>
     <LENG>000003</LENG>
    </DD36M>
    <DD36M>
     <FIELDNAME>FLDATE</FIELDNAME>
     <SHLPNAME>SFLIGHT</SHLPNAME>
     <SHLPFIELD>AIRPTO</SHLPFIELD>
     <FLPOSITION>0009</FLPOSITION>
     <SHTYPE>G</SHTYPE>
     <SHLPOUTPUT>X</SHLPOUTPUT>
     <ROLLNAME>S_TOAIRP</ROLLNAME>
     <DOMNAME>S_AIRPID</DOMNAME>
     <DATATYPE>CHAR</DATATYPE>
     <LENG>000003</LENG>
    </DD36M>
    <DD36M>
     <FIELDNAME>FLDATE</FIELDNAME>
     <SHLPNAME>SFLIGHT</SHLPNAME>
     <SHLPFIELD>CARRID</SHLPFIELD>
     <FLPOSITION>0001</FLPOSITION>
     <SHTABLE>ZTREQMENU_C23</SHTABLE>
     <SHFIELD>CARRID</SHFIELD>
     <SHLPINPUT>X</SHLPINPUT>
     <SHLPOUTPUT>X</SHLPOUTPUT>
     <ROLLNAME>S_CARR_ID</ROLLNAME>
     <DOMNAME>S_CARR_ID</DOMNAME>
     <DATATYPE>CHAR</DATATYPE>
     <LENG>000003</LENG>
    </DD36M>
    <DD36M>
     <FIELDNAME>FLDATE</FIELDNAME>
     <SHLPNAME>SFLIGHT</SHLPNAME>
     <SHLPFIELD>CARRNAME</SHLPFIELD>
     <FLPOSITION>0002</FLPOSITION>
     <SHTYPE>G</SHTYPE>
     <SHLPOUTPUT>X</SHLPOUTPUT>
     <ROLLNAME>S_CARRNAME</ROLLNAME>
     <DOMNAME>S_NAME20</DOMNAME>
     <DATATYPE>CHAR</DATATYPE>
     <LENG>000020</LENG>
    </DD36M>
    <DD36M>
     <FIELDNAME>FLDATE</FIELDNAME>
     <SHLPNAME>SFLIGHT</SHLPNAME>
     <SHLPFIELD>CITYFROM</SHLPFIELD>
     <FLPOSITION>0005</FLPOSITION>
     <SHTYPE>G</SHTYPE>
     <SHLPOUTPUT>X</SHLPOUTPUT>
     <ROLLNAME>S_FROM_CIT</ROLLNAME>
     <DOMNAME>S_CITY</DOMNAME>
     <DATATYPE>CHAR</DATATYPE>
     <LENG>000020</LENG>
    </DD36M>
    <DD36M>
     <FIELDNAME>FLDATE</FIELDNAME>
     <SHLPNAME>SFLIGHT</SHLPNAME>
     <SHLPFIELD>CITYTO</SHLPFIELD>
     <FLPOSITION>0008</FLPOSITION>
     <SHTYPE>G</SHTYPE>
     <SHLPOUTPUT>X</SHLPOUTPUT>
     <ROLLNAME>S_TO_CITY</ROLLNAME>
     <DOMNAME>S_CITY</DOMNAME>
     <DATATYPE>CHAR</DATATYPE>
     <LENG>000020</LENG>
    </DD36M>
    <DD36M>
     <FIELDNAME>FLDATE</FIELDNAME>
     <SHLPNAME>SFLIGHT</SHLPNAME>
     <SHLPFIELD>CONNID</SHLPFIELD>
     <FLPOSITION>0003</FLPOSITION>
     <SHTABLE>ZTREQMENU_C23</SHTABLE>
     <SHFIELD>CONNID</SHFIELD>
     <SHLPINPUT>X</SHLPINPUT>
     <SHLPOUTPUT>X</SHLPOUTPUT>
     <ROLLNAME>S_CONN_ID</ROLLNAME>
     <DOMNAME>S_CONN_ID</DOMNAME>
     <DATATYPE>NUMC</DATATYPE>
     <LENG>000004</LENG>
    </DD36M>
    <DD36M>
     <FIELDNAME>FLDATE</FIELDNAME>
     <SHLPNAME>SFLIGHT</SHLPNAME>
     <SHLPFIELD>COUNTRYFR</SHLPFIELD>
     <FLPOSITION>0004</FLPOSITION>
     <SHTYPE>G</SHTYPE>
     <SHLPOUTPUT>X</SHLPOUTPUT>
     <ROLLNAME>LAND1</ROLLNAME>
     <DOMNAME>LAND1</DOMNAME>
     <DATATYPE>CHAR</DATATYPE>
     <LENG>000003</LENG>
    </DD36M>
    <DD36M>
     <FIELDNAME>FLDATE</FIELDNAME>
     <SHLPNAME>SFLIGHT</SHLPNAME>
     <SHLPFIELD>COUNTRYTO</SHLPFIELD>
     <FLPOSITION>0007</FLPOSITION>
     <SHTYPE>G</SHTYPE>
     <SHLPOUTPUT>X</SHLPOUTPUT>
     <ROLLNAME>LAND1</ROLLNAME>
     <DOMNAME>LAND1</DOMNAME>
     <DATATYPE>CHAR</DATATYPE>
     <LENG>000003</LENG>
    </DD36M>
    <DD36M>
     <FIELDNAME>FLDATE</FIELDNAME>
     <SHLPNAME>SFLIGHT</SHLPNAME>
     <SHLPFIELD>FLDATE</SHLPFIELD>
     <FLPOSITION>0010</FLPOSITION>
     <SHTABLE>ZTREQMENU_C23</SHTABLE>
     <SHFIELD>FLDATE</SHFIELD>
     <SHLPOUTPUT>X</SHLPOUTPUT>
     <ROLLNAME>S_DATE</ROLLNAME>
     <DOMNAME>S_DATE</DOMNAME>
     <DATATYPE>DATS</DATATYPE>
     <LENG>000008</LENG>
    </DD36M>
    <DD36M>
     <FIELDNAME>FLDATE</FIELDNAME>
     <SHLPNAME>SFLIGHT</SHLPNAME>
     <SHLPFIELD>SEATSFRE</SHLPFIELD>
     <FLPOSITION>0013</FLPOSITION>
     <SHTYPE>G</SHTYPE>
     <SHLPOUTPUT>X</SHLPOUTPUT>
     <ROLLNAME>S_SEATSFRE</ROLLNAME>
     <DOMNAME>S_SEATS</DOMNAME>
     <DATATYPE>INT4</DATATYPE>
     <LENG>000010</LENG>
    </DD36M>
    <DD36M>
     <FIELDNAME>FLDATE</FIELDNAME>
     <SHLPNAME>SFLIGHT</SHLPNAME>
     <SHLPFIELD>SEATSMAX</SHLPFIELD>
     <FLPOSITION>0011</FLPOSITION>
     <SHTYPE>G</SHTYPE>
     <SHLPOUTPUT>X</SHLPOUTPUT>
     <ROLLNAME>S_SEATSMAX</ROLLNAME>
     <DOMNAME>S_SEATS</DOMNAME>
     <DATATYPE>INT4</DATATYPE>
     <LENG>000010</LENG>
    </DD36M>
    <DD36M>
     <FIELDNAME>FLDATE</FIELDNAME>
     <SHLPNAME>SFLIGHT</SHLPNAME>
     <SHLPFIELD>SEATSOCC</SHLPFIELD>
     <FLPOSITION>0012</FLPOSITION>
     <SHTYPE>G</SHTYPE>
     <SHLPOUTPUT>X</SHLPOUTPUT>
     <ROLLNAME>S_SEATSOCC</ROLLNAME>
     <DOMNAME>S_SEATS</DOMNAME>
     <DATATYPE>INT4</DATATYPE>
     <LENG>000010</LENG>
    </DD36M>
    <DD36M>
     <FIELDNAME>MANDT</FIELDNAME>
     <SHLPNAME>H_T000</SHLPNAME>
     <SHLPFIELD>MANDT</SHLPFIELD>
     <FLPOSITION>0001</FLPOSITION>
     <SHTABLE>ZTREQMENU_C23</SHTABLE>
     <SHFIELD>MANDT</SHFIELD>
     <SHLPINPUT>X</SHLPINPUT>
     <SHLPOUTPUT>X</SHLPOUTPUT>
     <ROLLNAME>MANDT</ROLLNAME>
     <DOMNAME>MANDT</DOMNAME>
     <DATATYPE>CLNT</DATATYPE>
     <LENG>000003</LENG>
    </DD36M>
    <DD36M>
     <FIELDNAME>MANDT</FIELDNAME>
     <SHLPNAME>H_T000</SHLPNAME>
     <SHLPFIELD>MTEXT</SHLPFIELD>
     <FLPOSITION>0002</FLPOSITION>
     <SHTYPE>G</SHTYPE>
     <SHLPOUTPUT>X</SHLPOUTPUT>
     <ROLLNAME>MTEXT_D</ROLLNAME>
     <DOMNAME>TEXT25</DOMNAME>
     <DATATYPE>CHAR</DATATYPE>
     <LENG>000025</LENG>
    </DD36M>
    <DD36M>
     <FIELDNAME>MANDT</FIELDNAME>
     <SHLPNAME>H_T000</SHLPNAME>
     <SHLPFIELD>ORT01</SHLPFIELD>
     <FLPOSITION>0003</FLPOSITION>
     <SHTYPE>G</SHTYPE>
     <SHLPOUTPUT>X</SHLPOUTPUT>
     <ROLLNAME>ORT01</ROLLNAME>
     <DOMNAME>TEXT25</DOMNAME>
     <DATATYPE>CHAR</DATATYPE>
     <LENG>000025</LENG>
    </DD36M>
   </DD36M>
  </asx:values>
 </asx:abap>
</abapGit>
